ID;N_VICTIMAS;AÑO;MES;HORA;LUGAR_DEL_HECHO;TIPO_DE_ENCUENTRO;COMUNA;X;Y;VICTIMA;ACUSADO;BARRIO
2016-0001;1;2016;1;4;AV PIEDRA BUENA Y AV FERNANDEZ DE LA CRUZ;CRUCE;8;-58.47533969;-34.68757022;MOTO;AUTO;VILLA RIACHUELO
2016-0002;1;2016;1;1;AV GRAL PAZ  Y AV DE LOS CORRALES;CRUCE;9;-58.50877521;-34.66977709;AUTO;PASAJEROS;NO DATA
2016-0003;1;2016;1;7;AV ENTRE RIOS 2034;ENTRE CALLE;1;-58.39040293;-34.63189362;MOTO;AUTO;CONSTITUCION
2016-0004;1;2016;1;0;AV LARRAZABAL Y GRAL VILLEGAS CONRADO;CRUCE;8;-58.46503904;-34.68092974;MOTO;NO DATA;VILLA LUGANO
2016-0005;1;2016;1;5;AV SAN JUAN Y PRESIDENTE LUIS SAENZ PEÑA ;CRUCE;1;-58.38718297;-34.6224663;MOTO;PASAJEROS;CONSTITUCION
2016-0008;1;2016;1;18;AV 27 DE FEBRERO Y AV ESCALADA;CRUCE;8;-58.44451316;-34.68475866;MOTO;OBJETO FIJO;VILLA SOLDATI
2016-0009;1;2016;1;19;NOGOYA Y JOAQUIN V. GONZALES;CRUCE;11;-58.50095869;-34.6082544;MOTO;AUTO;VILLA DEL PARQUE
2016-0010;1;2016;1;15;AV GENERAL PAZ Y AV DE LOS CORRALES;CRUCE;9;-58.50877521;-34.66977709;MOTO;AUTO;NO DATA
2016-0012;1;2016;2;1;AV BELGRANO Y BERNARDO DE IRIGOYEN;CRUCE;1;-58.38048577;-34.61303893;MOTO;CARGAS;MONSERRAT
2016-0013;1;2016;2;11;AV ENTRE RIOS 1366;ENTRE CALLE;1;-58.39114932;-34.62477387;PEATON;AUTO;CONSTITUCION
2016-0015;1;2016;2;5;AV SCALABRINI ORTIZ Y VERA;CRUCE;15;-58.4376002;-34.59912758;PEATON;AUTO;VILLA CRESPO
2016-0016;1;2016;2;22;AV REGIMIENTO DE PATRICIOS Y QUINQUELA MARTIN BENITO;CRUCE;4;-58.36882665;-34.64291993;MOTO;AUTO;BARRACAS
2016-0017;1;2016;2;16;MARIANO ACOSTA Y ANA MARIA JANER;CRUCE;8;-58.44989671;-34.65970435;PEATON;MOTO;VILLA SOLDATI
2016-0019;1;2016;2;9;LISANDRO DE LA TORRE Y SEVERO GARCIA GRANDE DE ZEQUEIRA ;CRUCE;9;-58.50990884;-34.65468721;PEATON;PASAJEROS;MATADEROS
2016-0020;1;2016;2;16;SUIPACHA 156;ENTRE CALLE;1;-58.37952223;-34.60653282;PEATON;AUTO;SAN NICOLAS
2016-0021;1;2016;2;23;AV DIRECTORIO Y CURAPALIGUE;CRUCE;7;-58.45157703;-34.63063795;AUTO;AUTO;FLORES
2016-0022;1;2016;2;6;AV 9 DE JULIO Y ADOLFO ALSINA;CRUCE;1;-58.38144696;-34.61079875;MOTO;AUTO;MONSERRAT
2016-0025;1;2016;2;4;AV GRAL PAZ Y AV 27 DE FEBRERO;CRUCE;8;-58.46244952;-34.70524971;AUTO;AUTO;NO DATA
2016-0026;1;2016;2;7;HOLMBERG Y VEDIA;CRUCE;12;-58.49216191;-34.54738649;AUTO;OBJETO FIJO;SAAVEDRA
2016-0027;1;2016;2;9;CURAPALIGUE Y AVELINO DIAZ;CRUCE;7;-58.44497874;-34.63852623;AUTO;AUTO;PARQUE CHACABUCO
2016-0028;1;2016;3;10;VIAMONTE Y AV 9 DE JULIO;CRUCE;1;-58.38199706;-34.60028648;PEATON;CARGAS;SAN NICOLAS
2016-0029;1;2016;3;17;AV CABILDO Y DEHEZA;CRUCE;12;-58.47378664;-34.54153077;PEATON;PASAJEROS;SAAVEDRA
2016-0031;1;2016;3;12;AV GRAL PAZ Y AV CNEL ROCA;CRUCE;8;-58.47064556;-34.69843756;MOTO;PASAJEROS;VILLA RIACHUELO
2016-0034;1;2016;3;12;AV AMANCIO ALCORTA Y BONAVENA;CRUCE;4;-58.40623949;-34.65076549;PEATON;PASAJEROS;NUEVA POMPEYA
2016-0035;1;2016;3;6;AV CORRIENTES Y AV CALLAO;CRUCE;3;-58.39228965;-34.60443527;MOTO;PASAJEROS;BALVANERA
2016-0036;1;2016;3;0;HERRERA Y ARISTOBULO DEL VALLE;CRUCE;4;-58.37813396;-34.63668504;MOTO;PASAJEROS;BARRACAS
2016-0037;1;2016;3;11;AV. EVA PERON Y QUIRNO;CRUCE;7;-58.46275892;-34.64358293;MOTO;MOTO;FLORES
2016-0038;1;2016;3;8;AV GRAL PAZ COLECTORA Y ZUVIRIA;CRUCE;8;-58.49683458;-34.67892743;PEATON;PASAJEROS;NO DATA
2016-0039;1;2016;3;1;BARTOLOME MITRE Y AV PUEYRREDON;CRUCE;3;-58.40603217;-34.6088396;MOTO;PASAJEROS;BALVANERA
2016-0041;2;2016;3;11;AV DIRECTORIO Y RIVERA INDARTE;CRUCE;7;-58.4607655;-34.63350444;MOTO;CARGAS;FLORES
2016-0043;1;2016;3;18;DELLEPIANE LUIS TTE GRAL COLECTORA Y MURGUIONDO;CRUCE;8;-58.47832463;-34.67494416;PEATON;CARGAS;VILLA LUGANO
2016-0044;1;2016;3;19;AV JOSE MARIA MORENO Y BALBASTRO;CRUCE;7;-58.43213235;-34.63693953;MOTO;MULTIPLE;PARQUE CHACABUCO
2016-0045;1;2016;4;10;AV GRAL PAZ Y AV DEL LIBERTADOR;CRUCE;13;-58.46743471;-34.53476874;MOTO;NO DATA;NO DATA
2016-0047;1;2016;4;5;LIMA 1483;ENTRE CALLE;1;-58.38247061;-34.62571878;PEATON;PASAJEROS;CONSTITUCION
2016-0048;1;2016;4;17;AV. CORRIENTES Y AV. DORREGO;CRUCE;15;-58.44759966;-34.5917024;PEATON;PASAJEROS;CHACARITA
2016-0049;1;2016;4;0;AUTOPISTA 1 SUR PRESIDENTE ARTURO FRONDIZI KM. 0,700;CRUCE;4;-58.37714647568196;-34.63657525428238;NO DATA;NO DATA;BARRACAS
2016-0050;1;2016;4;9;TIMOTEO GORDILLO Y AV FERNANDEZ DE LA CRUZ;CRUCE;8;-58.47305463;-34.68550712;PEATON;PASAJEROS;VILLA RIACHUELO
2016-0051;1;2016;4;4;AV AMANCIO ALCORTA Y BONAVENA;CRUCE;4;-58.40623949;-34.65076549;MOTO;CARGAS;NUEVA POMPEYA
2016-0052;1;2016;4;20;AUTOPISTA LUGONES PK 10000;CRUCE;13;;;MOTO;NO DATA;NO DATA
2016-0053;1;2016;4;9;AV TRIUNVIRATO Y AV OLAZABAL;CRUCE;12;-58.4842918;-34.57558053;PEATON;PASAJEROS;VILLA URQUIZA
2016-0054;1;2016;4;21;AU LUIS DELLEPIANE Y AV GRAL PAZ;CRUCE;8;-58.48695354;-34.68795245;MOTO;MOTO;NO DATA
2016-0055;1;2016;4;20;RAMON CASTILLA Y AV FIGUEROA ALCORTA;CRUCE;14;-58.40021959;-34.57964781;PEATON;CARGAS;PALERMO
2016-0056;1;2016;4;4;AV LUIS MARIA CAMPOS 30;ENTRE CALLE;14;-58.42957885;-34.57660058;MOTO;OBJETO FIJO;PALERMO
2016-0058;1;2016;5;14;LIMA 1471;ENTRE CALLE;1;-58.38247542;-34.62556293;PEATON;MOTO;CONSTITUCION
2016-0059;1;2016;5;16;PASAJE CIUDADELA Y LIMA OESTE;CRUCE;1;-58.38222219;-34.62728101;PEATON;PASAJEROS;CONSTITUCION
2016-0064;1;2016;5;18;AV JUAN B JUSTO Y AV CARRASCO;CRUCE;10;-58.49485242;-34.62953445;PEATON;PASAJEROS;VELEZ SARSFIELD
2016-0065;1;2016;5;14;AV GAONA Y ESPINOSA;CRUCE;6;-58.45227946;-34.61068024;PEATON;AUTO;CABALLITO
2016-0067;1;2016;5;17;AV LISANDRO DE LA TORRE Y SARAZA;CRUCE;8;-58.48455411;-34.6751276;MOTO;PASAJEROS;VILLA LUGANO
2016-0068;1;2016;5;22;AV FIGUEROA ALCORTA Y AV PUEYRREDON;CRUCE;2;-58.39056593;-34.58418569;MOTO;PASAJEROS;RECOLETA
2016-0069;1;2016;5;3;AV ENTRE RIOS Y PASAJE FILIBERTO;CRUCE;3;-58.39118948;-34.62704273;AUTO;CARGAS;SAN CRISTOBAL
2016-0073;1;2016;6;15;MAGARIÑOS CERVANTES 3900;ENTRE CALLE;10;-58.49021952;-34.62025108;MOTO;CARGAS;FLORESTA
2016-0074;1;2016;6;6;AV GRAL PAZ Y RODOLFO SCAPINO;CRUCE;8;-58.49896559;-34.67732118;AUTO;AUTO;NO DATA
2016-0075;1;2016;6;23;AUTOPISTA DELLEPIANE LUIS TTE GRAL Y MIRALLA;CRUCE;8;-58.47461076;-34.66874679;PEATON;AUTO;VILLA LUGANO
2016-0076;1;2016;6;16;AV SAN MARTIN Y CAMARONES;CRUCE;15;-58.46210891;-34.60356211;PEATON;PASAJEROS;PATERNAL
2016-0077;1;2016;6;21;TTEG JUAN D PERON Y AVDA LEANDRO N ALEM;CRUCE;1;-58.3702777;-34.60536123;PEATON;PASAJEROS;SAN NICOLAS
2016-0078;1;2016;6;23;AV BELGRANO Y AV JUJUY;CRUCE;3;-58.40491455;-34.6146383;MOTO;MOTO;BALVANERA
2016-0079;1;2016;6;17;AV DEL LIBERTADOR Y AV GUILLERMO UDAONDO;CRUCE;13;-58.45504154;-34.54864492;AUTO;AUTO;NUÃEZ
2016-0080;1;2016;6;6;AV GRAL PAZ Y AV RIVADAVIA;CRUCE;9;-58.52927982;-34.63931752;AUTO;NO DATA;LINIERS
2016-0081;1;2016;6;7;AV CRISOLOGO LARRALDE Y MACHAIN;CRUCE;12;-58.4872106;-34.55904606;MOTO;AUTO;SAAVEDRA
2016-0082;1;2016;6;18;AV LA PLATA 2384;ENTRE CALLE;4;-58.42273092;-34.64228803;PEATON;AUTO;NUEVA POMPEYA
2016-0083;1;2016;6;20;AV JUAN B ALBERDI Y PUAN;CRUCE;6;-58.44788671;-34.62539009;PEATON;MOTO;CABALLITO
2016-0084;1;2016;6;22;CARLOS PELLEGRINI Y TUCUMAN;CRUCE;1;-58.38110563;-34.60135531;PEATON;PASAJEROS;SAN NICOLAS
2016-0085;1;2016;6;22;AVDA ITE FRANCISCO RABANAL & AVDA EREZCANO;CRUCE;4;-58.42378834;-34.657341;MOTO;OTRO;NUEVA POMPEYA
2016-0086;1;2016;6;16;AV OLIVERA Y RAMON FALCON;CRUCE;10;-58.48727942;-34.63652467;PEATON;PASAJEROS;VELEZ SARSFIELD
2016-0087;1;2016;7;0;AUTOPISTA 1 SUR PTE ARTURO FRONDIZI Y AV CASEROS;CRUCE;1;-58.37864583;-34.62907067;MOTO;OBJETO FIJO;CONSTITUCION
2016-0088;1;2016;7;15;CERETTI Y NUÑEZ;CRUCE;12;-58.5015175;-34.56767549;PEATON;AUTO;VILLA URQUIZA
2016-0089;1;2016;7;6;AV LUGONES Y LA PAMPA;CRUCE;13;-58.43233425;-34.55185825;PEATON;AUTO;BELGRANO
2016-0090;1;2016;7;22;JERONIMO SALGUERO Y AV RIVADAVIA;CRUCE;5;-58.41971993;-34.6111224;PEATON;PASAJEROS;ALMAGRO
2016-0092;1;2016;7;11;AV GRAL PAZ Y AV LIBERTADOR ;CRUCE;13;-58.46743471;-34.53476874;MOTO;CARGAS;NO DATA
2016-0093;1;2016;7;3;AV JUAN B ALBERDI Y EMILIO MITRE;CRUCE;6;-58.44362126;-34.62301748;AUTO;AUTO;CABALLITO
2016-0095;1;2016;7;6;MERCEDES Y AV GRAL MOSCONI;CRUCE;11;-58.51713095;-34.59546519;MOTO;AUTO;VILLA DEVOTO
2016-0096;1;2016;7;7;AUTOPISTA DELLEPIANE LUIS TTE. GRAL. KM. 2,3;CRUCE;8;-58.47433193007387;-34.66684950051973;MOTO;CARGAS;VILLA LUGANO
2016-0097;1;2016;7;18;SOLIS Y MEXICO;CRUCE;1;-58.39038605;-34.6156281;PEATON;AUTO;MONSERRAT
2016-0098;1;2016;7;16;AV SAN JUAN Y ALBERTI;CRUCE;3;-58.40042405;-34.62356174;MOTO;CARGAS;SAN CRISTOBAL
2016-0099;1;2016;7;16;AV GRAL MOSCONI Y AV GRAL PAZ;CRUCE;11;-58.52340614;-34.59798754;CARGAS;CARGAS;NO DATA
2016-0100;1;2016;8;23;AV GRAL PAZ  Y DONADO;CRUCE;12;-58.49491054;-34.54795581;MOTO;OBJETO FIJO;SAAVEDRA
2016-0101;1;2016;8;19;AV GRAL PAZ Y JORGE CHAVEZ;CRUCE;9;-58.52932872;-34.65014993;NO DATA;NO DATA;LINIERS
2016-0102;1;2016;8;23;AV EVA PERON Y JOSE LEON SUAREZ;CRUCE;9;-58.50011639;-34.67316502;MOTO;CARGAS;MATADEROS
2016-0104;1;2016;8;21;ZINNY Y AV SANTIAGO DE COMPOSTELA;CRUCE;9;-58.46635001;-34.65624369;MOTO;PASAJEROS;PARQUE AVELLANEDA
2016-0105;1;2016;8;0;AV FEDERICO LACROZE Y FRAGA;CRUCE;15;-58.45343236;-34.58435809;PEATON;PASAJEROS;CHACARITA
2016-0106;1;2016;8;21;CARLOS PELLEGRINI Y AV DEL LIBERTADOR;CRUCE;1;-58.38090932;-34.58927731;PEATON;PASAJEROS;RETIRO
2016-0107;1;2016;8;8;AUTOPISTA 9 DE JULIO SUR ALT AV MENDOZA;CRUCE;4;-58.37157668;-34.65429986;MOTO;AUTO;BARRACAS
2016-0109;1;2016;8;5;AUTOPISTA PERITO MORENO Y BARRAGAN;CRUCE;9;-58.52280139;-34.63659934;AUTO;OBJETO FIJO;LINIERS
2016-0110;1;2016;8;20;AV ALBERDI Y CARHUE;CRUCE;9;-58.51232237;-34.6590353;PEATON;NO DATA;MATADEROS
2016-0111;1;2016;8;9;AUTOPISTA LEOPOLDO LUGONES Y LA PAMPA;CRUCE;15;-58.47461905;-34.57663634;MOTO;CARGAS;VILLA ORTUZAR
2016-0112;1;2016;8;4;AUTOPISTA 25 DE MAYO AUTOPISTA 1 SUR ARTURO FRONDIZI;CRUCE;1;-58.38268809;-34.62282019;MOTO;OBJETO FIJO;CONSTITUCION
2016-0113;1;2016;8;16;AV JUAN BAUTISTA ALBERDI Y GUARDIA NACIONAL;CRUCE;9;-58.49603546;-34.64564271;PEATON;PASAJEROS;MATADEROS
2016-0114;1;2016;8;11;SALGUERO 1410;ENTRE CALLE;14;-58.41848605;-34.59394733;BICICLETA;CARGAS;PALERMO
2016-0115;1;2016;9;11;ARIAS Y TRONADOR;CRUCE;12;-58.48935041;-34.54917673;NO DATA;CARGAS;SAAVEDRA
2016-0116;1;2016;9;20;AV 27 DE FEBRERO Y AV ESCALADA;CRUCE;8;-58.44451316;-34.68475866;MOTO;AUTO;VILLA SOLDATI
2016-0117;1;2016;9;15;AV DEL LIBERTADOR Y TAGLE;CRUCE;14;-58.39936478;-34.58271474;AUTO;AUTO;PALERMO
2016-0118;1;2016;9;3;AUTOPISTA 1 SUR PTE ARTURO FRONDIZI KM 2.9;CRUCE;1;-58.37936704;-34.62694503;AUTO;AUTO;CONSTITUCION
2016-0119;1;2016;9;6;CRISOLOGO LARRALDE Y AVDA TRIUNVIRATO;CRUCE;12;-58.49659234;-34.56353635;NO DATA;NO DATA;VILLA URQUIZA
2016-0122;1;2016;9;7;AV EVA PERON 4233;ENTRE CALLE;9;-58.47256391;-34.65194557;BICICLETA;PASAJEROS;PARQUE AVELLANEDA
2016-0123;1;2016;9;9;AV ASAMBLEA Y AV CNEL ESTEBAN BONORINO;CRUCE;7;-58.45130953;-34.64053676;MOTO;AUTO;FLORES
2016-0124;1;2016;9;15;AVDA RIVADAVIA Y RIVERA INDARTE;CRUCE;7;-58.46271207;-34.62884871;PEATON;PASAJEROS;FLORES
2016-0125;1;2016;9;12;AUTOPISTA PERITO MORENO Y AV JUAN B ALBERDI;CRUCE;10;-58.49020869;-34.64243791;MOTO;MOTO;VILLA LURO
2016-0126;2;2016;9;22;IRIGOYEN Y TINOGASTA;CRUCE;10;-58.52572109;-34.62125906;AUTO;CARGAS;VILLA REAL
2016-0127;1;2016;9;10;AV MARIANO ACOSTA Y AV CNEL ROCA;CRUCE;8;-58.44094791;-34.66677111;PEATON;PASAJEROS;VILLA SOLDATI
2016-0128;1;2016;10;11;CASTRO Y AV PAVON;CRUCE;5;-58.41914024;-34.6305389;PEATON;PASAJEROS;BOEDO
2016-0130;1;2016;10;12;AUTOPISTA 9 DE JULIO SUR Y AV BRASIL;CRUCE;1;-58.37910942;-34.62764717;MOTO;CARGAS;CONSTITUCION
2016-0131;1;2016;10;19;MIRAVE 3500;ENTRE CALLE;4;-58.39871183;-34.64539318;PEATON;AUTO;BARRACAS
2016-0132;1;2016;10;2;AV SAN JUAN Y 24 DE NOVIEMBRE;CRUCE;3;-58.41036975;-34.62477021;AUTO;PASAJEROS;SAN CRISTOBAL
2016-0133;1;2016;10;0;AV LAS HERAS Y SANCHEZ DE BUSTAMANTE;CRUCE;14;-58.40204698;-34.5834269;MOTO;AUTO;PALERMO
2016-0134;1;2016;10;5;AV PIEDRA BUENA Y 2 DE ABRIL 1982;CRUCE;8;-58.48935287;-34.67648597;MOTO;OBJETO FIJO;VILLA LUGANO
2016-0135;1;2016;10;5;AV FIGUEROA ALCORTA  Y PINEDO;CRUCE;14;-58.42260225;-34.56403694;PEATON;NO DATA;PALERMO
2016-0136;1;2016;10;0;AU BUENOS AIRES - LA PLATA KM. 4;CRUCE;4;;;MOTO;CARGAS;NO DATA
2016-0137;1;2016;10;0;AV SAN MARTIN Y LADINES;CRUCE;11;-58.51537091;-34.59035925;MOTO;MOTO;VILLA DEVOTO
2016-0138;1;2016;10;20;AV CABILDO Y BLANCO ENCALADA;CRUCE;13;-58.4590967;-34.55922742;BICICLETA;CARGAS;BELGRANO
2016-0139;1;2016;10;23;AV PRESIDENTE FIGUEROA ALCORTA Y AV DORREGO;CRUCE;14;-58.42008769;-34.56539579;MOTO;MOTO;PALERMO
2016-0140;1;2016;10;2;AV JURAMENTO Y VUELTA DE OBLIGADO;CRUCE;13;-58.45566399;-34.56147293;PASAJEROS;PASAJEROS;BELGRANO
2016-0142;1;2016;11;23;AV DEL LIBERTADOR Y AV RAMOS MEJIA;CRUCE;1;-58.37533517;-34.59276462;MOTO;PASAJEROS;RETIRO
2016-0143;1;2016;11;4;AV 27 DE FEBRERO Y AV ESCALADA;CRUCE;8;-58.44451316;-34.68475866;MOTO;NO DATA;VILLA SOLDATI
2016-0144;1;2016;11;12;AV. ALTE. BROWN 984;ENTRE CALLE;4;-58.35975012;-34.63343907;PEATON;PASAJEROS;BOCA
2016-0145;1;2016;11;20;AV DEL LIBERTADOR Y LA PAMPA;CRUCE;13;-58.44523595;-34.55953855;MOTO;AUTO;BELGRANO
2016-0146;1;2016;11;20;PICHINCHA Y AV BRASIL;CRUCE;4;-58.39626094;-34.63036565;PEATON;PASAJEROS;PARQUE PATRICIOS
2016-0147;1;2016;11;21;AV INDEPENDENCIA Y VIRREY CEVALLOS;CRUCE;1;-58.38896772;-34.61799615;MOVIL;PASAJEROS;MONSERRAT
2016-0148;1;2016;11;22;AV GARMENDIA 4895;ENTRE CALLE;15;-58.46536113;-34.59484504;MOTO;MOTO;PATERNAL
2016-0150;1;2016;11;18;AV AMANCIO ALCORTA Y DIOGENES TABORDA;CRUCE;4;-58.40879146;-34.65273216;CARGAS;CARGAS;NUEVA POMPEYA
2016-0151;1;2016;11;20;SD;CRUCE;0;;;PEATON;NO DATA;NO DATA
2016-0152;1;2016;11;21;AV PERITO MORENO Y ZUVIRIA;CRUCE;7;-58.46451841;-34.64991946;MOTO;AUTO;FLORES
2016-0153;1;2016;11;15;ARAOZ Y AV CORDOBA;CRUCE;15;-58.4291709;-34.59485488;PEATON;MOTO;VILLA CRESPO
2016-0154;1;2016;11;14;AV GRAL PAZ 15200;ENTRE CALLE;8;-58.49007772;-34.68251141;MOTO;MOTO;VILLA LUGANO
2016-0155;1;2016;11;16;MADERO 900;ENTRE CALLE;10;-58.52756365;-34.62772274;PEATON;AUTO;VERSALLES
2016-0156;1;2016;11;19;AV INDEPENDENCIA Y DEAN FUNES;CRUCE;3;-58.40638983;-34.61943202;MOTO;PASAJEROS;BALVANERA
2016-0157;1;2016;12;6;AV JUAN B JUSTO 5645;ENTRE CALLE;11;-58.47576807;-34.61740997;MOTO;MOTO;VILLA SANTA RITA
2016-0159;1;2016;12;7;AV 27 DE FEBRERO Y AV ESCALADA;CRUCE;8;-58.44451316;-34.68475866;AUTO;NO DATA;VILLA SOLDATI
2016-0160;1;2016;12;5;AUTOPISTA PERITO MORENO ALTURA VELZ;CRUCE;9;-58.51927194;-34.63635787;CARGAS;OBJETO FIJO;LINIERS
2016-0161;1;2016;12;7;AV SANTA FE Y GODOY CRUZ;CRUCE;14;-58.42525456;-34.57866344;PEATON;PASAJEROS;PALERMO
2016-0162;1;2016;12;5;AV FEDERICO LACROZE Y AV FOREST;CRUCE;15;-58.45396573;-34.58518167;PEATON;AUTO;CHACARITA
2016-0163;1;2016;12;7;AV GRAL PAZ Y AV GENERAL MOSCONI;CRUCE;11;-58.52340614;-34.59798754;MOTO;AUTO;NO DATA
2016-0164;1;2016;12;6;AV LA PLATA Y CNEL GREGORIO POMAR;CRUCE;4;-58.42323628;-34.64119105;AUTO;AUTO;NUEVA POMPEYA
2016-0165;1;2016;12;8;AV MARTIN GARCIA 300;ENTRE CALLE;4;-58.36926144;-34.62841919;BICICLETA;PASAJEROS;BOCA
2016-0168;1;2016;12;10;AV LA PLATA Y CNEL GREGORIO POMAR;CRUCE;4;-58.42323628;-34.64119105;MOTO;AUTO;NUEVA POMPEYA
2016-0169;1;2016;12;15;NUÑEZ Y AV RICARDO BALBIN;CRUCE;12;-58.47935434;-34.55676497;MOTO;PASAJEROS;COGHLAN
2016-0170;1;2016;12;17;AV GRAL PAZ 4500;ENTRE CALLE;12;-58.50598256;-34.5637998;MOTO;AUTO;SAAVEDRA
2016-0171;1;2016;12;19;AU BUENOS AIRES - LA PLATA Y AU 25 DE MAYO;CRUCE;1;-58.36607137;-34.62150748;MOTO;MOTO;SAN TELMO
2016-0172;1;2016;12;8;AV GARAY Y CASTRO;CRUCE;5;-58.41918902;-34.63174259;MOTO;CARGAS;BOEDO
2016-0173;1;2016;12;19;AV DIRECTORIO Y AV SAN PEDRITO;CRUCE;7;-58.46749188;-34.63551751;MOTO;CARGAS;FLORES
2016-0174;1;2016;12;0;AUTOPISTA 25 DE MAYO;CRUCE;0;;;NO DATA;NO DATA;NO DATA
2016-0175;1;2016;12;8;CNEL RAMON L FALCON Y MEMBRILLAR;CRUCE;7;-58.46064174;-34.62960517;PEATON;BICICLETA;FLORES
2016-0176;1;2016;12;1;AV BELGRANO Y AV PASEO COLON;CRUCE;1;-58.36956186;-34.61232875;MOTO;PASAJEROS;MONSERRAT
2016-0177;1;2016;12;4;ARENALES 3319;ENTRE CALLE;14;-58.40966671;-34.58788235;PEATON;AUTO;PALERMO
2016-0178;1;2016;12;16;REPUBLICA BOLIVARIANA DE VENEZUELA Y SAAVEDRA;CRUCE;3;-58.40288226;-34.61544091;PEATON;MULTIPLE;BALVANERA
2017-0001;1;2017;1;1;AV. JUAN B JUSTO Y ACHUPALLAS;CRUCE;11;-58.4659423;-34.61028571;MOTO;CARGAS;VILLA GRAL. MITRE
2017-0003;1;2017;1;3;OLAVARRIA Y AV. VELEZ SARSFIELD;CRUCE;4;-58.38957669;-34.64410277;CARGAS;CARGAS;BARRACAS
2017-0007;1;2017;1;17;LIMA Y MEXICO;CRUCE;1;-58.3816166;-34.61529543;PEATON;MULTIPLE;MONSERRAT
2017-0008;1;2017;1;0;JOSE A CABRERA Y BONPLAND;CRUCE;14;-58.43917004;-34.58494351;MOTO;PASAJEROS;PALERMO
2017-0009;1;2017;1;13;AU 25 DE MAYO Y AV. BOEDO;CRUCE;5;-58.41595919;-34.62743346;MOTO;CARGAS;BOEDO
2017-0010;1;2017;1;16;AV. DIRECTORIO Y RIGLOS;CRUCE;6;-58.4356488;-34.62828656;MOTO;AUTO;CABALLITO
2017-0011;1;2017;1;2;AV. GRAL. PAZ Y AV. R. BALBIN;CRUCE;12;-58.5007381;-34.5497951;MOTO;OBJETO FIJO;NO DATA
2017-0012;1;2017;1;14;TRAFUL Y DIOGENES TABORDA;CRUCE;4;-58.40969005;-34.6505529;MOTO;CARGAS;NUEVA POMPEYA
2017-0013;1;2017;1;7;IRIARTE 3055;ENTRE CALLE;4;-58.38972622;-34.65098981;PEATON;CARGAS;BARRACAS
2017-0014;1;2017;1;8;AV. DONADO Y ARIAS;CRUCE;12;-58.49185972;-34.55046754;MOTO;MULTIPLE;SAAVEDRA
2017-0015;1;2017;2;15;CORDOBA AV. Y CALLAO;CRUCE;2;-58.39293417;-34.59963642;PEATON;AUTO;RECOLETA
2017-0016;1;2017;2;5;AU 25 DE MAYO, KILOMETRO 8.3, SENTIDO HACIA PROVINCIA DE BUENOS AIRES, C.A.B.A.;CRUCE;1;-58.38099494;-34.62288231;MOTO;CARGAS;CONSTITUCION
2017-0017;1;2017;2;8;AV. JUAN B JUSTO Y PARAGUAY;CRUCE;14;-58.429012;-34.58095431;MOTO;AUTO;PALERMO
2017-0018;1;2017;2;7;AV. GRAL. PAZ Y AV. DE LOS CORRALES;CRUCE;9;-58.50877521;-34.66977709;MOTO;AUTO;NO DATA
2017-0021;1;2017;2;5;SARMIENTO Y LIBERTAD;CRUCE;1;-58.38362373;-34.60509972;MOTO;PASAJEROS;SAN NICOLAS
2017-0024;1;2017;2;20;AV. RIVADAVIA 7121;ENTRE CALLE;7;-58.46589308;-34.62955795;PEATON;PASAJEROS;FLORES
2017-0025;1;2017;2;17;AV. FERNANDEZ DE LA CRUZ Y RIVERA INDARTE;CRUCE;7;-58.43614426;-34.6542464;MOTO;NO DATA;FLORES
2017-0026;2;2017;2;5;AV. PERITO MORENO Y FOURNIER;CRUCE;4;-58.41842777;-34.64979057;AUTO;OBJETO FIJO;NUEVA POMPEYA
2017-0027;1;2017;2;21;AV. CASEROS 1429;ENTRE CALLE;1;-58.38332245;-34.6319325;PEATON;AUTO;CONSTITUCION
2017-0028;1;2017;2;9;AV. GAONA Y FRAGATA SARMIENTO;CRUCE;6;-58.45475488;-34.61196327;PEATON;AUTO;CABALLITO
2017-0029;1;2017;3;2;MOZART Y TANDIL;CRUCE;9;-58.48501341;-34.64742455;NO DATA;AUTO;PARQUE AVELLANEDA
2017-0030;1;2017;3;8;MOZART Y COLECTORA AV. TTE. LUIS J DELLEPIANE;CRUCE;9;-58.47010988;-34.65872088;AUTO;PASAJEROS;PARQUE AVELLANEDA
2017-0031;1;2017;3;1;24 DE NOVIEMBRE Y PAVON ;CRUCE;3;-58.4099756;-34.62873635;AUTO;OBJETO FIJO;SAN CRISTOBAL
2017-0032;1;2017;3;5;AV. GRAL. PAZ Y PEDRO DE MENDOZA;CRUCE;8;-58.48892175;-34.68359163;AUTO;AUTO;VILLA LUGANO
2017-0033;1;2017;3;7;AV. GRAL. PAZ KM. 10;CRUCE;11;-58.52466448;-34.60325478;AUTO;AUTO;VILLA DEVOTO
2017-0034;1;2017;3;7;GODOY CRUZ 2651;ENTRE CALLE;14;-58.42554218;-34.57929036;PEATON;AUTO;PALERMO
2017-0035;3;2017;3;5;AV. DR. TRISTAN ACHAVAL RODRIGUEZ Y BLVD. AZUCENA VILLAFLOR;CRUCE;1;-58.35881506;-34.61113641;AUTO;OBJETO FIJO;PUERTO MADERO
2017-0036;2;2017;3;18;CURUPAYTI Y COLECTORA AV. GRAL. PAZ;CRUCE;12;-58.51452347;-34.58159762;MOTO;PASAJEROS;VILLA PUEYRREDON
2017-0037;1;2017;3;3;AV. INDEPENDENCIA Y VIRREY CEVALLOS;CRUCE;1;-58.38896772;-34.61799615;MOTO;CARGAS;MONSERRAT
2017-0038;1;2017;4;19;AV. CASTAÑARES Y LAUTARO;CRUCE;7;-58.44516857;-34.64363363;MOTO;AUTO;FLORES
2017-0040;1;2017;4;9;CAMINO CIUDAD UNUVERSITARIA Y AV. TTE. GUIRALDES;ENTRE CALLE;13;-58.43834197;-34.54560369;AUTO;MULTIPLE;BELGRANO
2017-0041;1;2017;4;23;BALDOMERO FERNANDEZ MORENO 2186;ENTRE CALLE;7;-58.45485084;-34.63531854;MOTO;AUTO;FLORES
2017-0042;1;2017;4;9;AV. LEOPOLDO LUGONES PKM 6900;CRUCE;14;;;MOTO;CARGAS;NO DATA
2017-0045;1;2017;4;6;NOGOYA 5940;ENTRE CALLE;10;-58.52449285;-34.62454175;MOTO;OBJETO FIJO;VERSALLES
2017-0047;1;2017;4;6;AV. ARGENTINA Y AV. CORVALAN;CRUCE;8;-58.46713742;-34.6719879;MOTO;AUTO;VILLA LUGANO
2017-0049;1;2017;4;18;AV. FERNANDEZ DE LA CRUZ Y VARELA;CRUCE;8;-58.43850413;-34.65554754;PEATON;PASAJEROS;VILLA SOLDATI
2017-0050;2;2017;4;11;AU PERITO MORENO Y RAMAL ENLACE AU1/AU6;CRUCE;9;;;MOTO;CARGAS;NO DATA
2017-0051;1;2017;5;3;AU DELLEPIANE 2400;CRUCE;7;;;AUTO;AUTO;NO DATA
2017-0052;1;2017;5;3;AV. GRAL. PAZ Y GOLETA JULIA;CRUCE;8;-58.49413799;-34.68095739;PEATON;CARGAS;NO DATA
2017-0053;1;2017;5;20;VIEYTES Y VILLARINO;CRUCE;4;-58.37547846;-34.65326075;MOTO;CARGAS;BARRACAS
2017-0054;1;2017;5;21;AV. DE LOS CONSTITUYENTES Y PEDRO MORAN;CRUCE;15;-58.48680218;-34.58689719;MOTO;AUTO;PARQUE CHAS
2017-0055;1;2017;5;8;AV. DE LOS CONSTITUYENTES 4900;ENTRE CALLE;12;-58.49563989;-34.57962262;AUTO;AUTO;VILLA PUEYRREDON
2017-0058;1;2017;5;23;AV. CORDOBA Y LIBERTAD;CRUCE;1;-58.38403232;-34.5991594;PEATON;MOTO;RETIRO
2017-0059;1;2017;5;9;BRASIL Y LIMA;CRUCE;1;-58.38223382;-34.62693865;PEATON;PASAJEROS;CONSTITUCION
2017-0060;1;2017;5;7;AV. ESCALADA Y AV. FERNANDEZ DE LA CRUZ;CRUCE;8;-58.45966521;-34.67323292;MOTO;OBJETO FIJO;VILLA SOLDATI
2017-0061;1;2017;5;13;PARAGUAY Y AV. CALLAO ;CRUCE;2;-58.39303911;-34.59871111;PEATON;MOTO;RECOLETA
2017-0062;1;2017;5;16;AV. JUAN B JUSTO Y SAN BLAS;CRUCE;10;-58.51262106;-34.63395999;MOTO;CARGAS;VERSALLES
2017-0063;1;2017;5;10;CHILE Y AV. 9 DE JULIO;CRUCE;1;-58.38118367;-34.61646839;PEATON;PASAJEROS;MONSERRAT
2017-0064;1;2017;5;5;MAIPU Y PERON;CRUCE;1;-58.37653284;-34.60582475;CARGAS;AUTO;SAN NICOLAS
2017-0065;1;2017;5;16;AV. SUAREZ Y HERRERA;CRUCE;4;-58.37709334;-34.64035082;BICICLETA;CARGAS;BARRACAS
2017-0066;1;2017;5;18;AV. SAN MARTIN Y FRAGATA SARMIENTO;CRUCE;15;-58.46002142;-34.60409469;PEATON;PASAJEROS;PATERNAL
2017-0067;1;2017;5;2;AV. DIRECTORIO Y AV. JOSE MARIA MORENO;CRUCE;6;-58.4338197;-34.62801894;MOTO;CARGAS;CABALLITO
2017-0068;1;2017;5;19;AV. TTE. FRANCISCO RABANAL 2950;ENTRE CALLE;8;-58.43580656;-34.66437532;MOTO;OBJETO FIJO;VILLA SOLDATI
2017-0069;1;2017;5;14;AV. GRAL. PAZ Y ULRICO SCHMIDL;CRUCE;9;-58.52173071;-34.65997463;MOTO;NO DATA;NO DATA
2017-0070;1;2017;5;13;NUEVA YORK  3696;ENTRE CALLE;11;-58.50791763;-34.59804273;PEATON;AUTO;VILLA DEVOTO
2017-0072;1;2017;6;23;AV. DE LOS CONSTITUYENTES Y VALLEJOS;CRUCE;12;-58.49175088;-34.58226957;AUTO;AUTO;VILLA URQUIZA
2017-0073;1;2017;6;9;AV. CORRIENTES Y ECUADOR;CRUCE;3;-58.40781467;-34.60425669;MOTO;AUTO;BALVANERA
2017-0074;1;2017;6;12;CASCO 133;ENTRE CALLE;9;-58.52567073;-34.63787791;NO DATA;NO DATA;LINIERS
2017-0075;1;2017;6;22;AV. DE MAYO Y AV. 9 DE JULIO;CRUCE;1;-58.381542;-34.60906385;PEATON;MOTO;MONSERRAT
2017-0076;1;2017;6;14;AV. RAMON CASTILLO Y CALLE 12;CRUCE;2;-58.38526125;-34.5780581;PEATON;CARGAS;RECOLETA
2017-0077;1;2017;6;23;FRAY JUSTO SANTAMARIA DE ORO 1930;ENTRE CALLE;14;-58.42934104;-34.58451712;MOTO;CARGAS;PALERMO
2017-0079;1;2017;6;16;MEXICO Y DEAN FUNES;CRUCE;3;-58.40657493;-34.61781124;MOTO;CARGAS;BALVANERA
2017-0080;1;2017;6;10;AV. JUAN B ALBERDI Y AV. ESCALADA;CRUCE;9;-58.49525314;-34.64487785;PEATON;CARGAS;PARQUE AVELLANEDA
2017-0082;1;2017;6;22;AV. ENTRE RIOS Y AV. BRASIL;CRUCE;4;-58.39092851;-34.62932696;PEATON;AUTO;PARQUE PATRICIOS
2017-0083;1;2017;7;0;AV. JUAN B ALBERDI Y GUARDIA NACIONAL;CRUCE;9;-58.49603546;-34.64564271;MOTO;CARGAS;MATADEROS
2017-0084;1;2017;7;12;AV. DEL LIBERTADOR Y RODRIGUEZ PEÑA;CRUCE;2;-58.38502878;-34.58703485;PEATON;PASAJEROS;RECOLETA
2017-0085;1;2017;7;14;TACUARI Y AV. MARTIN GARCIA;CRUCE;4;-58.37261143;-34.63150425;PEATON;PASAJEROS;BARRACAS
2017-0086;1;2017;7;7;AV. RIVADAVIA Y MURGUIONDO;CRUCE;9;-58.51876802;-34.63905965;PEATON;MOTO;LINIERS
2017-0087;1;2017;7;10;24 DE NOVIEMBRE 390;ENTRE CALLE;3;-58.41095567;-34.61516101;PEATON;AUTO;BALVANERA
2017-0088;1;2017;7;22;AV. PASEO COLON Y BRASIL;CRUCE;1;-58.36797542;-34.62519403;PEATON;PASAJEROS;SAN TELMO
2017-0089;1;2017;7;12;MARTINIANO LEGUIZAMON 901;ENTRE CALLE;9;-58.51514709;-34.64787051;NO DATA;AUTO;LINIERS
2017-0090;1;2017;7;5;AV. CHIVILCOY Y COLECTORA AV. GRAL. PAZ ;CRUCE;11;-58.51925642;-34.59171721;PEATON;AUTO;VILLA DEVOTO
2017-0091;1;2017;7;13;SUPERI Y AV. GRAL. PAZ;CRUCE;12;-58.48671535;-34.54321216;MOTO;NO DATA;NO DATA
2017-0092;1;2017;7;22;AU 25 DE MAYO Y AU FRONDIZI (9 DE JULIO SUR);CRUCE;1;-58.38268809;-34.62282019;PEATON;AUTO;CONSTITUCION
2017-0093;1;2017;7;16;AV. LEOPOLDO LUGONES KM 7,5, ALTURA PUENTE SCALABRINI ORTIZ, SENTIDO A CENTRO PORTEÑO;CRUCE;13;-58.43633522;-34.54966288;PEATON;AUTO;BELGRANO
2017-0094;1;2017;7;8;VICTOR HUGO 2639;ENTRE CALLE;10;-58.52640838;-34.61765855;BICICLETA;CARGAS;VILLA REAL
2017-0095;1;2017;8;8;AV. CORDOBA Y JERONIMO SALGUERO;CRUCE;14;-58.41894306;-34.59778875;MOTO;AUTO;PALERMO
2017-0096;1;2017;8;19;AV. CABILDO Y NUÑEZ;CRUCE;13;-58.46756026;-34.54972741;PEATON;PASAJEROS;NUÃEZ
2017-0098;1;2017;8;12;JOSE BONIFACIO 2114;ENTRE CALLE;7;-58.45715752;-34.63132912;PEATON;AUTO;FLORES
2017-0099;1;2017;8;19;AV. PTE FIGUEROA ALCORTA 5400;ENTRE CALLE;14;-58.42406784;-34.56213916;BICICLETA;AUTO;PALERMO
2017-0100;1;2017;8;7;VENEZUELA 2135;ENTRE CALLE;3;-58.3967447;-34.61512051;MOTO;OBJETO FIJO;BALVANERA
2017-0101;1;2017;8;10;AV. FCO. LACROZE Y ZAPATA;CRUCE;13;-58.44537508;-34.57084818;PEATON;MULTIPLE;COLEGIALES
2017-0102;1;2017;8;1;IRIARTE Y ZAVALETA;CRUCE;4;-58.40056767;-34.6510708;PEATON;CARGAS;BARRACAS
2017-0104;1;2017;8;9;AV. 9 DE JULIO Y ESTADOS UNIDOS;CRUCE;1;-58.38109568;-34.61853244;PEATON;CARGAS;CONSTITUCION
2017-0106;1;2017;8;19;FRAY JUSTO SANTAMARIA DE ORO Y GUEMES;CRUCE;14;-58.42533612;-34.58035258;PEATON;PASAJEROS;PALERMO
2017-0107;1;2017;9;11;AV. DEL LIBERTADOR Y JARAMILLO;CRUCE;13;-58.46062311;-34.54395182;MOTO;CARGAS;NUÃEZ
2017-0108;2;2017;9;4;AV. GRAL. PAZ Y MACHAIN;CRUCE;12;-58.49491054;-34.54795581;OBJETO FIJO;AUTO;SAAVEDRA
2017-0109;1;2017;9;21;AV. DIRECTORIO Y PORTELA;CRUCE;7;-58.47130269;-34.63665402;MOTO;AUTO;FLORES
2017-0110;1;2017;9;14;LAVALLE Y AV. LEANDRO N ALEM;CRUCE;1;-58.370488;-34.60189492;PEATON;PASAJEROS;SAN NICOLAS
2017-0111;1;2017;9;18;USPALLATA Y PIROVANO;CRUCE;4;-58.42023854;-34.6423411;PEATON;CARGAS;NUEVA POMPEYA
2017-0112;2;2017;9;9;AU 25 DE MAYO Y AV. VARELA;CRUCE;7;-58.45807401;-34.6399743;AUTO;OBJETO FIJO;FLORES
2017-0113;1;2017;9;6;AV. SANTA FE Y MAIPU;CRUCE;1;-58.37697717;-34.59573848;PEATON;PASAJEROS;RETIRO
2017-0114;1;2017;9;2;AV. ALVEAR Y AV. DEL LIBERTADOR;CRUCE;2;-58.3910058;-34.5849866;AUTO;OBJETO FIJO;RECOLETA
2017-0115;1;2017;9;18;AV. PAVON Y TREINTA Y TRES ORIENTALES;CRUCE;5;-58.42182126;-34.63089661;MOTO;BICICLETA;BOEDO
2017-0116;1;2017;9;22;COLECTORA AV. GRAL. PAZ 5750;ENTRE CALLE;12;-58.51389422;-34.58075791;MOTO;OBJETO FIJO;VILLA PUEYRREDON
2017-0118;1;2017;9;7;VIEYTES Y CRUZ;CRUCE;4;-58.37585415;-34.65232158;MOTO;AUTO;BARRACAS
2017-0120;1;2017;10;15;AU DELLEPIANE Y AV. ESCALADA;CRUCE;9;-58.47297505;-34.66245085;MOTO;CARGAS;PARQUE AVELLANEDA
2017-0123;1;2017;10;1;ALBARIÑO Y AV. ARGENTINA;CRUCE;8;-58.46855503;-34.67216349;PEATON;AUTO;VILLA LUGANO
2017-0124;1;2017;10;14;JUAN RAMIREZ DE VELAZCO 1211;ENTRE CALLE;15;-58.44254033;-34.59185043;MOTO;PASAJEROS;VILLA CRESPO
2017-0125;1;2017;10;6;AV. FERNANDEZ DE LA CRUZ Y LARRAYA;CRUCE;8;-58.46622247;-34.67926929;MOTO;OBJETO FIJO;VILLA LUGANO
2017-0126;2;2017;10;6;AV. RIESTRA Y CAÑADA DE GOMEZ;CRUCE;8;-58.48003734;-34.68148508;AUTO;OBJETO FIJO;VILLA LUGANO
2017-0127;1;2017;10;7;GALLO Y AV. CORDOBA;CRUCE;2;-58.41192137;-34.59800248;MOTO;MOTO;RECOLETA
2017-0128;1;2017;10;12;DR. JUAN F. ARANGUREN 611;ENTRE CALLE;6;-58.44034689;-34.61349731;PEATON;PASAJEROS;CABALLITO
2017-0129;1;2017;10;19;AU PERITO MORENO Y AU 25 DE MAYO;CRUCE;9;-58.47155277;-34.64925746;MOTO;PASAJEROS;PARQUE AVELLANEDA
2017-0130;1;2017;10;5;CHORROARIN Y AV. SAN MARTIN;CRUCE;15;-58.47883099;-34.59967065;AUTO;CARGAS;PATERNAL
2017-0132;1;2017;10;14;COSQUIN Y AV. CNEL. ROCA;CRUCE;8;-58.46552171;-34.6937413;MOTO;PASAJEROS;VILLA RIACHUELO
2017-0134;1;2017;11;18;AV. CNEL. ROCA 3555;ENTRE CALLE;8;-58.4423972;-34.66777987;PEATON;PASAJEROS;VILLA SOLDATI
2017-0135;1;2017;11;12;AV. WARNES Y PUNTA ARENAS;CRUCE;15;-58.47032551;-34.59626814;MOTO;CARGAS;PATERNAL
2017-0136;1;2017;11;8;DEL BARCO CENTENERA Y RABANAL;CRUCE;4;-58.41827843;-34.65522746;PEATON;PASAJEROS;NUEVA POMPEYA
2017-0137;1;2017;11;11;AV. GRAL. ENRIQUE MOSCONI Y SAN NICOLAS;CRUCE;11;-58.51280715;-34.59279388;PEATON;CARGAS;VILLA DEVOTO
2017-0138;1;2017;11;10;AV. LAFUENTE Y AV. EVA PERON;CRUCE;7;-58.46258582;-34.64385704;MOTO;OBJETO FIJO;FLORES
2017-0139;1;2017;11;22;AV. CNEL. ROCA Y AV. ESCALADA;CRUCE;8;-58.45064148;-34.68003614;AUTO;OBJETO FIJO;VILLA SOLDATI
2017-0140;1;2017;11;23;AU ARTURO FRONDIZI PKM 3100;CRUCE;4;;;MOTO;PASAJEROS;NO DATA
2017-0141;1;2017;11;19;AV. LA PLATA Y AV. PEDRO GOYENA;CRUCE;6;-58.42717783;-34.62513374;PEATON;PASAJEROS;CABALLITO
2017-0143;1;2017;11;21;TRELLES Y GRAL. CESAR DIAZ;CRUCE;11;-58.46442001;-34.60724519;AUTO;PASAJEROS;VILLA GRAL. MITRE
2017-0144;1;2017;11;6;AV. CNEL. ROCA Y COLECTORA AV. GRAL. PAZ;CRUCE;8;-58.47064556;-34.69843756;AUTO;OBJETO FIJO;VILLA RIACHUELO
2017-0145;1;2017;11;17;MAZA Y DON BOSCO;CRUCE;5;-58.41677733;-34.61223119;MOTO;AUTO;ALMAGRO
2017-0147;1;2017;11;11;AV. GRAL. PAZ Y AV. EVA PERON;CRUCE;9;-58.5025179;-34.67450313;MOTO;AUTO;MATADEROS
2017-0148;1;2017;11;10;AV. SAN JUAN Y LA RIOJA;CRUCE;3;-58.40708125;-34.62438894;PEATON;PASAJEROS;SAN CRISTOBAL
2017-0149;1;2017;11;12;AV. PASEO COLON Y MEXICO;CRUCE;1;-58.36947198;-34.61477051;PEATON;PASAJEROS;MONSERRAT
2017-0150;1;2017;12;1;AV. RIVADAVIA Y MIRALLA;CRUCE;9;-58.51140889;-34.63934531;PEATON;AUTO;LINIERS
2017-0151;1;2017;12;2;VIEYTES Y LUJAN;CRUCE;4;-58.37460912;-34.65559133;PEATON;PASAJEROS;BARRACAS
2017-0152;1;2017;12;17;CACHI Y TRAFUL;CRUCE;4;-58.41146277;-34.65073916;BICICLETA;PASAJEROS;NUEVA POMPEYA
2017-0153;2;2017;12;2;ROSARIO Y AV. LA PLATA;CRUCE;6;-58.42855267;-34.61829385;MOTO;PASAJEROS;CABALLITO
2017-0154;1;2017;12;9;AV. ENTRE RIOS Y AV. CASEROS ;CRUCE;4;-58.39035581;-34.63412287;PEATON;PASAJEROS;PARQUE PATRICIOS
2017-0155;1;2017;12;21;AV. RIVADAVIA 6350;ENTRE CALLE;7;-58.45593915;-34.62656868;NO DATA;MOTO;FLORES
2017-0157;1;2017;12;9;AV. GRAL. PAZ Y HUMAITA;CRUCE;9;-58.52866211;-34.64597065;AUTO;PASAJEROS;LINIERS
2017-0158;1;2017;12;21;GUALEGUAYCHU Y COLECTORA AV. GRAL PAZ;CRUCE;11;-58.52037476;-34.59407024;MOTO;AUTO;VILLA DEVOTO
2017-0159;1;2017;12;4;AV. INDEPENDENCIA Y VIRREY CEVALLOS;CRUCE;1;-58.38896772;-34.61799615;MOTO;AUTO;MONSERRAT
2017-0160;1;2017;12;13;AV. NAZCA 365;ENTRE CALLE;7;-58.47074114;-34.62771756;PEATON;MOTO;FLORES
2017-0161;1;2017;12;15;AV. EVA PERON 5249;ENTRE CALLE;9;-58.48200819;-34.65969965;PEATON;AUTO;MATADEROS
2018-0001;1;2018;1;22;San Juan Av. Y Rincón;CRUCE;3;-58.39536773;-34.62297346;PEATON;MOTO;SAN CRISTOBAL
2018-0002;1;2018;1;16;Peru 937;ENTRE CALLE;1;-58.37456088;-34.61895467;BICICLETA;PASAJEROS;SAN TELMO
2018-0003;1;2018;1;10;Pueyrredon, Honorio, Dr. Av. y Galicia;CRUCE;15;-58.44860217;-34.60395657;PEATON;MULTIPLE;VILLA CRESPO
2018-0004;1;2018;1;9;Del Libertador Av. y Manzanares;CRUCE;13;-58.46129513;-34.54332766;MOTO;MULTIPLE;NUÃEZ
2018-0005;1;2018;1;22;Paseo Colon Av. 1019;ENTRE CALLE;1;-58.36907201;-34.61953517;PEATON;PASAJEROS;SAN TELMO
2018-0006;1;2018;1;21;Valle y Barco Centenera Del;CRUCE;6;-58.44062219;-34.62499107;BICICLETA;PASAJEROS;CABALLITO
2018-0007;1;2018;1;2;AU Perito Moreno  KM 0.6;CRUCE;9;-58.52502765;-34.63601265;AUTO;AUTO;LINIERS
2018-0008;1;2018;1;17;Huergo, Ing. Av. e Independencia Av.;CRUCE;1;-58.36659655;-34.61687778;MOTO;CARGAS;SAN TELMO
2018-0009;1;2018;1;2;Pilcomayo y Brown, Alte. Av.;CRUCE;4;-58.36737389;-34.62763661;MOTO;MOTO;BOCA
2018-0010;1;2018;1;5;Cervantes y Belaustegui, Luis, Dr.;CRUCE;10;-58.49807953;-34.63038658;MOTO;CARGAS;VELEZ SARSFIELD
2018-0011;1;2018;1;10;Callao y Vte. Lopez;CRUCE;2;-58.39092703;-34.59088447;PEATON;PASAJEROS;RECOLETA
2018-0012;1;2018;1;13;Oliden y Chilavert, Martiniano, Coronel;CRUCE;8;-58.46912006;-34.68049201;MOTO;PASAJEROS;VILLA LUGANO
2018-0013;1;2018;1;8;Congreso Av. y Galvan;CRUCE;12;-58.48661286;-34.56786129;MOTO;AUTO;VILLA URQUIZA
2018-0014;1;2018;1;20;Moreno, Perito Av. y Rivera Indarte;CRUCE;7;-58.44074927;-34.65080597;PEATON;MOTO;FLORES
2018-0015;2;2018;2;1;Australia Av. 2800;ENTRE CALLE;4;-58.38636298;-34.64684275;MOTO;PASAJEROS;BARRACAS
2018-0016;1;2018;2;10;Del Libertador Av. y Ramos Mejia, Jose Maria, Dr. Av.;CRUCE;1;-58.37533517;-34.59276462;MOTO;CARGAS;RETIRO
2018-0017;1;2018;2;4;San Pedrito Av. y Rivadavia Av.;CRUCE;7;-58.46963952;-34.63070603;PEATON;AUTO;FLORES
2018-0018;1;2018;2;7;Isabel La Catolica y Salvadores, Cnel.;CRUCE;4;-58.37207554;-34.64543658;MOTO;CARGAS;BARRACAS
2018-0019;1;2018;2;12;Las Heras General Av. y Callao Av.;CRUCE;2;-58.39189441;-34.59176378;PEATON;PASAJEROS;RECOLETA
2018-0020;1;2018;2;22;Fernandez de la Cruz Subida AU Héctor J. Cámpora;CRUCE;8;-58.45012957;-34.66518343;MOTO;CARGAS;VILLA SOLDATI
2018-0021;1;2018;2;10;AMANCIO ALCORTA Y ZAVALETA;CRUCE;4;-58.40184094;-34.64546845;PEATON;PASAJEROS;PARQUE PATRICIOS
2018-0022;1;2018;2;0;Montes De Oca, Manuel y Olavarria;CRUCE;4;-58.37441153;-34.63966783;MOTO;CARGAS;BARRACAS
2018-0023;1;2018;2;6;Barco Centenera Del y Rosario;CRUCE;6;-58.44110156;-34.62082399;MOTO;AUTO;CABALLITO
2018-0024;1;2018;2;23;Alvarez Thomas Av. y Donado;CRUCE;15;-58.47087351;-34.57827342;PEATON;CARGAS;VILLA ORTUZAR
2018-0025;1;2018;3;22;Av. Avellaneda y Av. Boyacá;CRUCE;7;-58.4596221;-34.6224514;PEATON;AUTO;FLORES
2018-0026;2;2018;3;4;Rabanal, Francisco, Intendente Av. y Saenz Av.;CRUCE;4;-58.41657793;-34.65476216;MOVIL;CARGAS;NUEVA POMPEYA
2018-0027;1;2018;3;23;Castro y Rondeau;CRUCE;5;-58.41911301;-34.63722107;PEATON;MOTO;BOEDO
2018-0028;1;2018;3;15;Bilbao, Francisco Av. y Azul;CRUCE;9;-58.47120586;-34.64251042;PEATON;CARGAS;PARQUE AVELLANEDA
2018-0029;1;2018;3;18;Nazca Av. y Gaona Av.;CRUCE;11;-58.47418944;-34.62049672;MOTO;AUTO;VILLA SANTA RITA
2018-0030;1;2018;3;1;Plaza y Alvarez Thomas Av.;CRUCE;15;-58.46720441;-34.57905579;MOTO;MOTO;VILLA ORTUZAR
2018-0031;1;2018;3;10;Gaona Av. y Artigas, Jose Gervasio, Gral.;CRUCE;11;-58.46909362;-34.6177971;MOTO;CARGAS;VILLA GRAL. MITRE
2018-0032;1;2018;4;13;Cabildo Av. y Aguilar;CRUCE;13;-58.44704343;-34.5688864;PEATON;PASAJEROS;COLEGIALES
2018-0033;1;2018;4;7;Camarones y Lope De Vega Av.;CRUCE;10;-58.50535541;-34.62902048;MOTO;CARGAS;VELEZ SARSFIELD
2018-0034;1;2018;4;18;Santa Fe Av. 2320;ENTRE CALLE;2;-58.40021675;-34.59522198;PEATON;PASAJEROS;RECOLETA
2018-0035;1;2018;4;16;Av. Rivadavia 6950;ENTRE CALLE;7;-58.46325991;-34.62919627;PEATON;PASAJEROS;FLORES
2018-0036;1;2018;4;23;Av. San Martín y Argerich;CRUCE;15;-58.49471482;-34.59694755;MOTO;AUTO;AGRONOMIA
2018-0037;1;2018;4;18;Cordoba Av. y Uriburu Jose E., Pres.;CRUCE;2;-58.3987261;-34.59975962;PEATON;CARGAS;RECOLETA
2018-0038;2;2018;4;17;AV. RIVADAVIA 1571;ENTRE CALLE;1;-58.38872177;-34.60885045;PEATON;AUTO;SAN NICOLAS
2018-0039;1;2018;4;22;AUTOPISTA LUGONES KM 4.7;CRUCE;14;;;PEATON;AUTO;NO DATA
2018-0040;1;2018;4;11;Ramon Freire y Virrey Olaguer y Feliu;CRUCE;13;-58.45686132;-34.57305993;PEATON;CARGAS;COLEGIALES
2018-0041;1;2018;4;13;La Plata Av. y Fernandez De La Cruz, F., Gral. Av.;CRUCE;4;-58.42281627;-34.64282424;PEATON;PASAJEROS;NUEVA POMPEYA
2018-0042;1;2018;4;18;BRANDSEN y PERDRIEL;CRUCE;4;-58.38666024;-34.63953396;MOTO;CARGAS;BARRACAS
2018-0043;1;2018;4;6;Vilardebo, Teodoro y Alvarez Jonte Av.;CRUCE;11;-58.49122843;-34.61207587;MOTO;AUTO;VILLA SANTA RITA
2018-0044;1;2018;4;9;Alberti e Independencia Av.;CRUCE;3;-58.40098306;-34.61866627;PEATON;AUTO;BALVANERA
2018-0045;1;2018;4;7;Alvarez Thomas Av. 879;ENTRE CALLE;13;-58.45448963;-34.5791692;AUTO;CARGAS;COLEGIALES
2018-0046;1;2018;5;3;Av. Gral. Paz y Av. Rivadavia;CRUCE;9;-58.52927982;-34.63931752;PEATON;AUTO;LINIERS
2018-0047;1;2018;5;19;Av. Corrientes y Av. Dorrego;CRUCE;15;-58.44759966;-34.5917024;PEATON;PASAJEROS;CHACARITA
2018-0048;1;2018;5;10;Rivadavia Av. y Pedernera;CRUCE;7;-58.46411215;-34.62925068;PEATON;PASAJEROS;FLORES
2018-0049;1;2018;5;19;Quesada 2300;ENTRE CALLE;13;-58.4621322;-34.55395823;PEATON;AUTO;NUÃEZ
2018-0050;1;2018;5;18;Cabildo Av. y Juramento Av.;CRUCE;13;-58.45669422;-34.5620361;PEATON;PASAJEROS;BELGRANO
2018-0051;1;2018;5;21;California y Carbonari, Francisco, Cmte.;CRUCE;4;-58.3597716;-34.64341878;PEATON;AUTO;BOCA
2018-0052;1;2018;5;20;Carril, Salvador Maria Del Av. y Nazca;CRUCE;15;-58.49820145;-34.59070093;PEATON;PASAJEROS;AGRONOMIA
2018-0053;1;2018;5;2;San Luis y Aguero;CRUCE;3;-58.4105928;-34.5993918;MOTO;AUTO;BALVANERA
2018-0054;1;2018;5;11;Lugones 2430;ENTRE CALLE;12;-58.47969138;-34.57121563;PEATON;BICICLETA;VILLA URQUIZA
2018-0055;1;2018;5;7;Independencia Av. y Jujuy Av.;CRUCE;3;-58.40351561;-34.61883916;MOTO;AUTO;BALVANERA
2018-0056;1;2018;6;13;Av. Rivadavia 11050;ENTRE CALLE;9;-58.51973844;-34.63918987;PEATON;PASAJEROS;LINIERS
2018-0057;1;2018;6;3;Combate De Los Pozos y Humberto 1°;CRUCE;3;-58.39311376;-34.62163006;MOTO;PASAJEROS;SAN CRISTOBAL
2018-0058;1;2018;6;6;Cordoba Av. y Thames;CRUCE;15;-58.43531242;-34.59082159;MOTO;AUTO;VILLA CRESPO
2018-0059;1;2018;6;6;Garay, Juan De Av. y Sanchez De Loria;CRUCE;5;-58.41178165;-34.63035454;MOTO;OTRO;BOEDO
2018-0060;1;2018;6;12;Lavalle y Alem, Leandro N. Av.;CRUCE;1;-58.370488;-34.60189492;PEATON;PASAJEROS;SAN NICOLAS
2018-0061;1;2018;6;11;Estados Unidos y Pichincha;CRUCE;3;-58.39883882;-34.61964833;MOTO;MOTO;SAN CRISTOBAL
2018-0062;1;2018;6;1;Rosario y Barco Centenera Del;CRUCE;6;-58.44110156;-34.62082399;PEATON;CARGAS;CABALLITO
2018-0063;1;2018;6;21;Av. Leandro N. Alem y Viamonte;CRUCE;1;-58.37093138;-34.59952725;PEATON;PASAJEROS;SAN NICOLAS
2018-0064;1;2018;6;1;Varela Av. y Primera Junta;CRUCE;7;-58.45855262;-34.63953253;AUTO;CARGAS;FLORES
2018-0065;1;2018;6;17;Pellegrini, Carlos y Juncal;CRUCE;1;-58.38161909;-34.59283447;MOTO;CARGAS;RETIRO
2018-0066;1;2018;6;11;Av. Corrientes y Av. Federico Lacroze;CRUCE;15;-58.45511899;-34.58698157;PEATON;PASAJEROS;CHACARITA
2018-0067;1;2018;6;16;Montes De Oca, Manuel y Finochietto Enrique Dr.;CRUCE;4;-58.37724226;-34.62973033;PASAJEROS;AUTO;BARRACAS
2018-0068;1;2018;7;9;Carabobo Av. y Alberdi, Juan Bautista Av.;CRUCE;7;-58.45546217;-34.62930339;MOTO;AUTO;FLORES
2018-0069;1;2018;7;21;"Córdoba Av. 2215

";ENTRE CALLE;2;-58.39897064;-34.59954925;BICICLETA;PASAJEROS;RECOLETA
2018-0070;1;2018;7;15;Estados Unidos y Urquiza, Gral.;CRUCE;3;-58.40917826;-34.62126274;MOTO;PASAJEROS;SAN CRISTOBAL
2018-0071;1;2018;7;17;Moreno y Av. Huergo;CRUCE;1;-58.36726348;-34.61099738;MOTO;CARGAS;MONSERRAT
2018-0072;1;2018;7;13;AU Dellepiane kilometro 0.0, altura calle Montiel, sentido hacia el Centro Porteño;CRUCE;8;-58.48267426;-34.68454456;MOTO;CARGAS;VILLA LUGANO
2018-0073;1;2018;7;15;Iriarte, Gral. Av. 3400;ENTRE CALLE;4;-58.39546165;-34.65168841;PEATON;CARGAS;BARRACAS
2018-0074;1;2018;7;6;AV. JUAN B. ALBERDI 2968;ENTRE CALLE;7;-58.46941984;-34.63376545;AUTO;CARGAS;FLORES
2018-0075;1;2018;7;7;Del Libertador Av. y Ortiz De Ocampo;CRUCE;14;-58.40367321;-34.58129246;PEATON;AUTO;PALERMO
2018-0076;1;2018;7;9;Chavez, Jorge y Paz, Gral. Av.;CRUCE;9;-58.52932872;-34.65014993;AUTO;CARGAS;LINIERS
2018-0077;1;2018;7;23;Urquiza, Gral. y Estados Unidos;CRUCE;3;-58.40917826;-34.62126274;AUTO;CARGAS;SAN CRISTOBAL
2018-0078;1;2018;7;6;Paraguay y Sánchez De Bustamante;CRUCE;2;-58.41264127;-34.59473294;PEATON;AUTO;RECOLETA
2018-0079;1;2018;7;7;De Los Corrales Av. y Paz, Gral. Av.;CRUCE;9;-58.50877521;-34.66977709;PEATON;CARGAS;NO DATA
2018-0080;1;2018;7;22;Alberdi, Juan Bautista Av. y Carhue;CRUCE;9;-58.51232237;-34.6590353;PEATON;AUTO;MATADEROS
2018-0081;1;2018;7;6;Castañares Av. y Rivera Indarte Av.;CRUCE;7;-58.44744156;-34.64567171;PEATON;MULTIPLE;FLORES
2018-0082;1;2018;8;15;Larrazabal y Garzon, Eugenio, Gral. Av.;CRUCE;9;-58.49441273;-34.65869968;MOTO;CARGAS;MATADEROS
2018-0083;1;2018;8;5;Paz, Gral. Av. y Fernandez De La Cruz, F., Gral. Av.;CRUCE;8;-58.47976785;-34.69153196;MOTO;CARGAS;VILLA RIACHUELO
2018-0084;1;2018;8;7;Av. Alicia Moreau de Justo y Cochabamba;CRUCE;1;-58.36523349;-34.62260331;PEATON;CARGAS;PUERTO MADERO
2018-0085;2;2018;8;18;Entre Rios Av. y Garay, Juan De Av.;CRUCE;3;-58.39118948;-34.62704273;MOTO;PASAJEROS;SAN CRISTOBAL
2018-0086;1;2018;8;21;Directorio Av. y Guardia Nacional;CRUCE;9;-58.49019551;-34.65015854;PEATON;PASAJEROS;MATADEROS
2018-0087;1;2018;8;19;Pavon Av. Y Colombres;CRUCE;5;-58.41644362;-34.63023775;PEATON;PASAJEROS;BOEDO
2018-0088;1;2018;8;16;Av. Gral. Paz y Av. Dr. Ricardo Balbín;CRUCE;12;-58.5007381;-34.5497951;MOTO;CARGAS;NO DATA
2018-0089;1;2018;8;17;Pichincha Av. y Brasil;CRUCE;4;-58.39626094;-34.63036565;PEATON;PASAJEROS;PARQUE PATRICIOS
2018-0090;1;2018;8;10;27 De Febrero Av. y Pergamino;CRUCE;8;-58.43284809;-34.67051543;MOTO;AUTO;VILLA SOLDATI
2018-0091;1;2018;8;18;AU Perito Moreno KM 1.8 ALTURA BARRAGAN SENTIDO PBA;CRUCE;9;-58.52280139;-34.63659934;AUTO;AUTO;LINIERS
2018-0092;1;2018;8;8;Cordoba Av. y Gascon;CRUCE;14;-58.4233693;-34.59774487;MOTO;AUTO;PALERMO
2018-0093;1;2018;8;8;15 De Noviembre De 1889 1513;ENTRE CALLE;1;-58.38691681;-34.63105973;PEATON;PASAJEROS;CONSTITUCION
2018-0094;1;2018;8;5;Salguero, Jeronimo y Beruti;CRUCE;14;-58.4116902;-34.5857988;MOTO;PASAJEROS;PALERMO
2018-0095;1;2018;8;0;Lacarra Av. y Dellepiane, Luis, Tte. Gral.;CRUCE;9;-58.46739825;-34.65117757;AUTO;AUTO;PARQUE AVELLANEDA
2018-0096;1;2018;8;22;AU Héctor J. Cámpora y Roca, Cnel. Av.;CRUCE;8;-58.44483258;-34.67152226;PEATON;AUTO;VILLA SOLDATI
2018-0097;1;2018;9;10;Av. Varela y Av. Int. Francisco Rabanal;CRUCE;8;-58.43254025;-34.66128115;AUTO;OTRO;VILLA SOLDATI
2018-0098;2;2018;9;5;Av. Gral. Paz e/ Ferre y Beron de Astrada;CRUCE;8;-58.47199387;-34.69640164;AUTO;AUTO;VILLA RIACHUELO
2018-0099;1;2018;9;14;Rivadavia Av. y Pedernera;CRUCE;7;-58.46411215;-34.62925068;PEATON;PASAJEROS;FLORES
2018-0100;1;2018;9;10;Elvira Rawson de Dellepiane 150;ENTRE CALLE;1;-58.36217754;-34.62367156;MOTO;AUTO;PUERTO MADERO
2018-0101;1;2018;9;0;Paz, Gral. Av. y Zapiola;CRUCE;12;-58.48098594;-34.5407313;AUTO;MULTIPLE;NO DATA
2018-0102;1;2018;9;0;FAMATINA Y DIOGENES TABORDA;CRUCE;4;-58.41083404;-34.64640709;MOTO;AUTO;PARQUE PATRICIOS
2018-0103;1;2018;9;17;Av. Castañares y Bonorino;CRUCE;7;-58.44609828;-34.64446729;PEATON;MOTO;FLORES
2018-0104;1;2018;10;8;AU Frondizi 9 de Julio Sur y Av. Suarez;CRUCE;4;-58.37709334;-34.64035082;MOTO;MOTO;BARRACAS
2018-0105;1;2018;10;18;Nazca Av. y Rivadavia Av.;CRUCE;7;-58.46963952;-34.63070603;PEATON;PASAJEROS;FLORES
2018-0106;1;2018;10;22;Figueroa Alcorta, Pres. Av. y Echeverria;CRUCE;13;-58.43674281;-34.55161027;MOTO;MOTO;BELGRANO
2018-0107;1;2018;10;14;Rivadavia Av. y Jujuy Av.;CRUCE;3;-58.4059686;-34.61011987;PEATON;PASAJEROS;BALVANERA
2018-0108;1;2018;10;14;De Los Italianos Av. y Guemes, Macacha;CRUCE;1;-58.36154069;-34.60463618;MOTO;AUTO;PUERTO MADERO
2018-0109;1;2018;10;22;Tucuman y Alem, Leandro N. Av.;CRUCE;1;-58.37062179;-34.60066507;PEATON;PASAJEROS;SAN NICOLAS
2018-0110;1;2018;10;3;Corrientes Av. y Gallardo, Angel Av.;CRUCE;15;-58.43220014;-34.60207186;PEATON;MOTO;VILLA CRESPO
2018-0111;1;2018;10;12;AU Perito Moreno y Av. Eva Perón SENTIDO CENTRO;CRUCE;9;-58.46958442;-34.64949724;MOTO;CARGAS;PARQUE AVELLANEDA
2018-0112;1;2018;10;9;Muñecas y Serrano;CRUCE;15;-58.44671397;-34.59970903;MOTO;CARGAS;VILLA CRESPO
2018-0113;1;2018;10;11;Artigas, Jose Gervasio, Gral. y Tres Arroyos;CRUCE;11;-58.47152163;-34.61474911;MOTO;CARGAS;VILLA GRAL. MITRE
2018-0114;1;2018;10;2;Solis e Independencia Av.;CRUCE;1;-58.39032921;-34.61807951;MOTO;AUTO;MONSERRAT
2018-0115;1;2018;10;12;Bosch, Ventura y Paz, Gral. Av.;CRUCE;9;-58.52887773;-34.64297861;PEATON;PASAJEROS;LINIERS
2018-0116;1;2018;11;10;Paz, Gral. Av. 14800;ENTRE CALLE;8;-58.49371157;-34.67981324;PEATON;CARGAS;VILLA LUGANO
2018-0117;1;2018;11;8;Av. Eva Perón 5321;ENTRE CALLE;9;-58.48266599;-34.66012327;MOTO;MOTO;MATADEROS
2018-0118;1;2018;11;14;Peron, Juan Domingo, Tte. General y Pueyrredon Av.;CRUCE;3;-58.40612253;-34.60774301;PEATON;MOTO;BALVANERA
2018-0119;1;2018;11;22;Rabanal y San Pedrito;CRUCE;8;-58.43613623;-34.66292532;PEATON;NO DATA;VILLA SOLDATI
2018-0120;1;2018;11;13;Monroe y Alvarez Thomas Av.;CRUCE;12;-58.48250732;-34.57208238;PEATON;AUTO;VILLA URQUIZA
2018-0121;1;2018;11;16;Rivadavia Av. y Manzoni;CRUCE;10;-58.49945705;-34.6374328;PEATON;PASAJEROS;VILLA LURO
2018-0122;1;2018;11;1;AU Dellepiane Luis Tte. Gral. y Larrazabal;CRUCE;8;-58.47743966;-34.67233407;AUTO;AUTO;VILLA LUGANO
2018-0123;1;2018;11;3;Paz, Gral. Av. y Peron, Eva Av.;CRUCE;9;-58.5025179;-34.67450313;AUTO;NO DATA;MATADEROS
2018-0124;1;2018;11;19;AU Perito Moreno y Reservistas Argentinos;CRUCE;9;-58.52144411;-34.63682499;CARGAS;CARGAS;LINIERS
2018-0125;1;2018;11;21;Saenz Av. y Ventana;CRUCE;4;-58.41650465;-34.65084045;PEATON;PASAJEROS;NUEVA POMPEYA
2018-0126;1;2018;11;12;Avda. General Paz y Cnel. Ramón Falcón;CRUCE;9;-58.52994219;-34.64055918;MOTO;AUTO;LINIERS
2018-0127;1;2018;11;9;Av. Gral. Paz y Av. de los Constituyentes;CRUCE;12;-58.50993046;-34.56919739;MOTO;MOTO;NO DATA
2018-0128;2;2018;11;4;Paz, Gral. Av. 11200;ENTRE CALLE;9;-58.52844623;-34.64592873;AUTO;PASAJEROS;LINIERS
2018-0129;1;2018;11;4;Newbery, Jorge Av. y Guevara;CRUCE;15;-58.45021367;-34.58695347;MOTO;PASAJEROS;CHACARITA
2018-0130;1;2018;12;3;Gaona Av. y Segurola Av.;CRUCE;10;-58.49022072;-34.62770192;MOTO;PASAJEROS;FLORESTA
2018-0131;1;2018;12;19;Madero, Eduardo Av. 550;ENTRE CALLE;1;-58.36860866;-34.60106568;MOTO;CARGAS;SAN NICOLAS
2018-0132;1;2018;12;8;AU Arturo Illia y Castillo, Ramon S.;CRUCE;2;-58.39490504;-34.57241534;PEATON;CARGAS;RECOLETA
2018-0133;1;2018;12;14;Nazca Av. y Rivadavia Av.;CRUCE;7;-58.46963952;-34.63070603;PEATON;CARGAS;FLORES
2018-0134;1;2018;12;21;La Plata Av. y Caseros Av.;CRUCE;7;-58.42349365;-34.64019887;PEATON;MOTO;PARQUE CHACABUCO
2018-0135;1;2018;12;14;Belgrano Av. y Peru;CRUCE;1;-58.37471802;-34.61265002;PEATON;PASAJEROS;MONSERRAT
2018-0136;1;2018;12;15;Rivadavia Av. 7013;ENTRE CALLE;7;-58.46438789;-34.62913916;PEATON;PASAJEROS;FLORES
2018-0137;1;2018;12;20;Adolfo Alsina y Santiago del Estero;CRUCE;1;-58.38481975;-34.61100424;MOTO;PASAJEROS;MONSERRAT
2018-0138;1;2018;12;9;Bermudez 1893;ENTRE CALLE;10;-58.50751833;-34.62073702;PASAJEROS;PASAJEROS;MONTE CASTRO
2018-0139;1;2018;12;6;Santander 1974;ENTRE CALLE;7;-58.44682986;-34.63888084;MOTO;MOTO;PARQUE CHACABUCO
2018-0140;1;2018;12;8;Julieta Lanteri 1400;ENTRE CALLE;1;-58.3600465;-34.61381341;AUTO;AUTO;PUERTO MADERO
2018-0141;1;2018;12;17;Maza y Av. Independencia;CRUCE;5;-58.41509546;-34.62085945;PEATON;MOTO;ALMAGRO
2018-0142;1;2018;12;13;PAZ, GRAL. AV. 5172;ENTRE CALLE;12;-58.50997604;-34.57251072;CARGAS;PASAJEROS;VILLA PUEYRREDON
2018-0143;1;2018;12;5;Olivera Av. y Alberdi, Juan Bautista Av.;CRUCE;10;-58.48606475;-34.64047818;MOTO;AUTO;VELEZ SARSFIELD
2019-0001;1;2019;1;8;CASTILLO, RAMON S., PRES. AV. Y CALLE 12;CRUCE;2;-58.38526125;-34.5780581;MOTO;CARGAS;RECOLETA
2019-0002;1;2019;1;4;CASTAÑARES AV. Y MORENO, PERITO AV.;CRUCE;7;-58.45463662;-34.65082149;AUTO;CARGAS;FLORES
2019-0003;1;2019;1;8;SAN MARTIN AV. Y TERRADA;CRUCE;15;-58.49121672;-34.59718073;MOTO;AUTO;AGRONOMIA
2019-0004;1;2019;1;19;PERON, EVA AV. Y MEDINA;CRUCE;9;-58.47325712;-34.65284605;AUTO;PASAJEROS;PARQUE AVELLANEDA
2019-0005;1;2019;1;12;JUSTO, JUAN B. AV. Y ALVAREZ JONTE AV.;CRUCE;10;-58.52108101;-34.63382309;MOTO;CARGAS;VERSALLES
2019-0006;1;2019;1;5;OBLIGADO RAFAEL, AV. COSTANERA 4650;ENTRE CALLE;14;-58.41652702;-34.55509606;PEATON;AUTO;PALERMO
2019-0007;1;2019;1;19;MITRE, BARTOLOME Y YATAY;CRUCE;5;-58.42891604;-34.6107166;MOTO;AUTO;ALMAGRO
2019-0008;1;2019;1;22;PAZ, GRAL. AV. 16080;ENTRE CALLE;8;-58.47802293;-34.69156793;MOTO;MULTIPLE;VILLA RIACHUELO
2019-0009;1;2019;1;14;CHACABUCO Y SAN JUAN AV.;CRUCE;1;-58.37564821;-34.62200207;MOTO;AUTO;SAN TELMO
2019-0010;2;2019;2;7;DEL LIBERTADOR AV. 4100;ENTRE CALLE;14;-58.42668489;-34.56961468;PEATON;AUTO;PALERMO
2019-0011;1;2019;2;1;PAZ, GRAL. AV. Y ALBERDI, JUAN BAUTISTA AV.;CRUCE;9;-58.5183993;-34.66252488;PEATON;AUTO;NO DATA
2019-0012;1;2019;2;3;CASTAÑARES AV. Y GORDILLO, TIMOTEO;CRUCE;8;-58.48432691;-34.67665828;MOTO;AUTO;VILLA LUGANO
2019-0013;1;2019;2;7;SALVIGNY Y MOM;CRUCE;7;-58.4338383;-34.64457699;PEATON;AUTO;PARQUE CHACABUCO
2019-0014;1;2019;2;17;LAMARCA, EMILIO 5402;ENTRE CALLE;11;-58.51664939;-34.58657938;MOTO;OBJETO FIJO;VILLA DEVOTO
2019-0015;1;2019;2;6;SAN MARTIN AV. 5638;ENTRE CALLE;11;-58.49613012;-34.59703502;AUTO;OBJETO FIJO;VILLA DEL PARQUE
2019-0016;1;2019;2;2;CARRILLO, RAMON, DR. Y FINOCHIETTO ENRIQUE DR.;CRUCE;4;-58.38313603;-34.63356284;MOTO;PASAJEROS;BARRACAS
2019-0017;1;2019;3;7;MEXICO Y PICHINCHA;CRUCE;3;-58.39914719;-34.61632317;AUTO;PASAJEROS;BALVANERA
2019-0018;1;2019;3;23;CANTILO, INT. Y UDAONDO, GUILLERMO AV.;CRUCE;13;-58.44927253;-34.54048625;PEATON;AUTO;BELGRANO
2019-0019;1;2019;3;12;DEL LIBERTADOR AV. 6326;ENTRE CALLE;13;-58.45049163;-34.55374003;MOTO;AUTO;BELGRANO
2019-0020;1;2019;3;21;CHICLANA AV. 3444;ENTRE CALLE;5;-58.41288952;-34.63572989;MOTO;AUTO;BOEDO
2019-0021;1;2019;3;22;BOYACA AV. Y YERBAL;CRUCE;7;-58.45743597;-34.62561234;MOTO;AUTO;FLORES
2019-0022;1;2019;3;0;ENTRE RIOS AV. BAJO PUENTE AUTOPISTA (1260 APROX);ENTRE CALLE;1;-58.39123782;-34.62352245;AUTO;NO DATA;CONSTITUCION
2019-0023;1;2019;3;8;PAZ, GRAL. AV. Y JACQUES, AMADEO;CRUCE;9;-58.52922765;-34.63637963;AUTO;OBJETO FIJO;LINIERS
2019-0024;1;2019;3;7;ANTARTIDA ARGENTINA AV. 1325;ENTRE CALLE;1;-58.37208118;-34.58541957;MOTO;CARGAS;RETIRO
2019-0025;1;2019;3;13;MITRE, BARTOLOME Y SANCHEZ DE BUSTAMANTE;CRUCE;5;-58.41458534;-34.60937557;PEATON;AUTO;ALMAGRO
2019-0026;1;2019;3;7;FERNANDEZ DE LA CRUZ, F. , GRAL. AV. Y LARRAZABAL;CRUCE;8;-58.47976785;-34.69153196;PEATON;PASAJEROS;VILLA RIACHUELO
2019-0027;1;2019;3;11;SANTA FE AV. Y AZCUENAGA;CRUCE;2;-58.39990285;-34.59511714;BICICLETA;MULTIPLE;RECOLETA
2019-0028;1;2019;4;9;JUSTO, JUAN B. AV. y OROÑO, NICASIO;CRUCE;11;-58.46051346;-34.60588536;PEATON;PASAJEROS;VILLA GRAL. MITRE
2019-0029;1;2019;4;10;FERNANDEZ DE LA CRUZ, F. , GRAL. AV. Y LACARRA AV.;CRUCE;8;-58.47976785;-34.69153196;MOTO;OBJETO FIJO;VILLA RIACHUELO
2019-0030;1;2019;4;16;ALVAREZ, DONATO, TTE. GRAL. Y YERBAL;CRUCE;7;-58.45457546;-34.62447891;MOTO;CARGAS;FLORES
2019-0031;1;2019;4;19;CORDOBA AV. Y MADERO, EDUARDO AV.;CRUCE;1;-58.36951669;-34.59832047;BICICLETA;CARGAS;RETIRO
2019-0032;1;2019;4;11;CAMARONES Y ALVAREZ, DONATO, TTE. GRAL. AV.;CRUCE;11;-58.46415322;-34.6044379;PEATON;AUTO;VILLA GRAL. MITRE
2019-0033;1;2019;4;1;AUTOPISTA 25 DE MAYO Y HUERGO, ING. AV.;CRUCE;1;-58.36607137;-34.62150748;MOTO;NO DATA;SAN TELMO
2019-0034;1;2019;4;9;MORENO, PERITO AV. 3050;ENTRE CALLE;7;-58.45537373;-34.65093074;MOTO;OBJETO FIJO;FLORES
2019-0035;1;2019;4;14;SUIPACHA 665;ENTRE CALLE;1;-58.37942637;-34.60053054;PEATON;BICICLETA;SAN NICOLAS
2019-0036;1;2019;4;22;RIGLOS Y FORMOSA;CRUCE;6;-58.4368044;-34.62147504;MOTO;AUTO;CABALLITO
2019-0037;1;2019;5;23;LA RIOJA E INDEPENDENCIA AV.;CRUCE;3;-58.40778291;-34.61971907;MOTO;AUTO;BALVANERA
2019-0038;1;2019;5;14;UDAONDO, GUILLERMO AV. Y FIGUEROA ALCORTA, PRES. AV.;CRUCE;13;-58.45212523;-34.54628513;PEATON;MOTO;NUÃEZ
2019-0039;1;2019;5;3;SAN PEDRITO AV. Y DIRECTORIO AV.;CRUCE;7;-58.46749188;-34.63551751;MOTO;AUTO;FLORES
2019-0040;1;2019;5;12;PUAN Y SANTANDER;CRUCE;7;-58.4426358;-34.63679732;MOTO;NO DATA;PARQUE CHACABUCO
2019-0041;1;2019;5;20;ALBERDI, JUAN BAUTISTA AV. Y ANDALGALA;CRUCE;9;-58.51140289;-34.65846419;AUTO;MULTIPLE;MATADEROS
2019-0042;1;2019;5;15;LIMA Y CONSTITUCION;CRUCE;1;-58.38211431;-34.62465368;PEATON;PASAJEROS;CONSTITUCION
2019-0043;1;2019;5;9;CORDOBA AV. Y MADERO, EDUARDO AV.;CRUCE;1;-58.36951669;-34.59832047;BICICLETA;CARGAS;RETIRO
2019-0044;1;2019;5;12;BOEDO AV. 650;ENTRE CALLE;5;-58.41635217;-34.62036547;PEATON;MOTO;ALMAGRO
2019-0045;1;2019;6;7;DEL LIBERTADOR AV. Y REPUBLICA DE LA INDIA;CRUCE;14;-58.41316147;-34.57579669;MOTO;CARGAS;PALERMO
2019-0046;1;2019;6;9;GRAL PAZ Y CABILDO;CRUCE;13;-58.47617802;-34.53825652;MOTO;AUTO;NO DATA
2019-0047;1;2019;6;10;CASEROS AV. 1700;ENTRE CALLE;4;-58.38641783;-34.63330028;PEATON;CARGAS;BARRACAS
2019-0048;1;2019;6;7;AVELLANEDA AV. 1548;ENTRE CALLE;6;-58.45322169;-34.62038137;MOTO;CARGAS;CABALLITO
2019-0049;1;2019;6;9;CIUDAD DE LA PAZ Y MENDOZA;CRUCE;13;-58.45849057;-34.56166498;PEATON;CARGAS;BELGRANO
2019-0050;1;2019;6;23;SALGUERO, JERONIMO Y HONDURAS AV.;CRUCE;14;-58.41829559;-34.59411677;MOTO;CARGAS;PALERMO
2019-0051;1;2019;6;10;FILIBERTO, JUAN DE DIOS Y OLAVARRIA;CRUCE;4;-58.36376488;-34.63832093;MOTO;AUTO;BOCA
2019-0053;1;2019;6;17;ASTURIAS AV. Y CASTAÑARES AV.;CRUCE;8;-58.46442668;-34.66004784;AUTO;AUTO;VILLA SOLDATI
2019-0054;1;2019;6;3;GANDARA 2976;ENTRE CALLE;15;-58.48222035;-34.58428769;MOTO;OBJETO FIJO;PARQUE CHAS
2019-0055;1;2019;6;19;GUEVARA, TRINIDAD Y MADERO, EDUARDO AV.;CRUCE;1;-58.36819005;-34.60283208;MOTO;PASAJEROS;SAN NICOLAS
2019-0056;1;2019;6;17;BOYACA AV. 305;ENTRE CALLE;7;-58.45877601;-34.62330939;PEATON;AUTO;FLORES
2019-0057;1;2019;7;19;ARTILLEROS Y LA PAMPA;CRUCE;13;-58.44196498;-34.55760517;PEATON;AUTO;BELGRANO
2019-0058;1;2019;7;9;AUTOPISTA PERITO MORENO ALTURA PASO A NIVEL DE IRIGOYEN;CRUCE;10;-58.50622631;-34.63627822;MOTO;PASAJEROS;VILLA LURO
2019-0059;1;2019;7;22;15 DE NOVIEMBRE DE 1889 Y SANTIAGO DEL ESTERO;CRUCE;1;-58.3841088;-34.63099197;MOTO;PASAJEROS;CONSTITUCION
2019-0060;1;2019;7;11;ACOSTA, MARIANO AV. Y FALCON, RAMON L., CNEL.;CRUCE;10;-58.48100602;-34.63504312;PEATON;AUTO;FLORESTA
2019-0061;1;2019;7;18;11 DE SEPTIEMBRE DE 1888 Y MENDOZA;CRUCE;13;-58.45200171;-34.5578132;PEATON;PASAJEROS;BELGRANO
2019-0062;1;2019;8;23;PINO, VIRREY DEL Y CAMPOS, LUIS M. AV.;CRUCE;13;-58.44462132;-34.56201105;PEATON;PASAJEROS;BELGRANO
2019-0063;1;2019;8;1;FOREST AV. Y MAURE;CRUCE;15;-58.45220688;-34.58711712;MOTO;PASAJEROS;CHACARITA
2019-0064;1;2019;8;3;BOYACA AV. Y AVELLANEDA AV,;CRUCE;7;-58.4596221;-34.6224514;MOTO;AUTO;FLORES
2019-0065;1;2019;8;16;BARCO CENTENERA DEL Y TILCARA;CRUCE;4;-58.4197085;-34.65414867;PEATON;PASAJEROS;NUEVA POMPEYA
2019-0066;1;2019;8;21;RIESTRA AV. Y BOLIVAR;CRUCE;7;-58.44187596;-34.64938031;PEATON;AUTO;FLORES
2019-0067;1;2019;8;15;CASTRO, EMILIO 4706;ENTRE CALLE;10;-58.49101637;-34.64276621;MOTO;CARGAS;VILLA LURO
2019-0068;1;2019;8;17;27 DE FEBRERO AV. 5600;ENTRE CALLE;8;-58.42493829;-34.66256502;MOTO;MOTO;VILLA SOLDATI
2019-0069;1;2019;8;5;GARAY, JUAN DE AV. 2874;ENTRE CALLE;4;-58.40489318;-34.62930162;MOTO;AUTO;PARQUE PATRICIOS
2019-0070;1;2019;8;12;SCALABRINI ORTIZ, RAUL AV. y GORRITI;CRUCE;14;-58.4268668;-34.59217875;MOTO;BICICLETA;PALERMO
2019-0071;1;2019;8;11;PRIMERA JUNTA Y OLIVERA AV.;CRUCE;9;-58.479611;-34.65620398;PEATON;CARGAS;PARQUE AVELLANEDA
2019-0072;1;2019;8;6;ALBERDI, JUAN BAUTISTA AV. Y AZUL;CRUCE;10;-58.47439934;-34.63524207;AUTO;AUTO;FLORESTA
2019-0073;1;2019;8;1;ALVAREZ THOMAS AV. 1788;ENTRE CALLE;15;-58.46711912;-34.57926018;AUTO;OBJETO FIJO;VILLA ORTUZAR
2019-0074;1;2019;8;9;LUGONES, LEOPOLDO AV. Y PAZ, GRAL. AV.;CRUCE;13;-58.46514781;-34.53465378;MOTO;CARGAS;NUÃEZ
2019-0075;1;2019;8;23;SAN ANTONIO Y LUJAN;CRUCE;4;-58.37571078;-34.65584079;MOTO;PASAJEROS;BARRACAS
2019-0076;1;2019;9;18;AUTOPISTA 1 SUR PRESIDENTE ARTURO FRONDIZI ALTURA DON PEDRO DE MENDOZA AV.;CRUCE;4;-58.37157668;-34.65429986;MOTO;CARGAS;BARRACAS
2019-0077;1;2019;9;3;FIGUEROA ALCORTA, PRES. AV. Y TAGLE;CRUCE;14;-58.39811256;-34.58070186;PEATON;AUTO;PALERMO
2019-0078;1;2019;9;8;EINSTEIN, ALBERTO Y ALCORTA, AMANCIO AV.;CRUCE;4;-58.41125934;-34.6541774;PEATON;CARGAS;NUEVA POMPEYA
2019-0079;1;2019;9;5;AGRELO Y COLOMBRES;CRUCE;5;-58.41822901;-34.61866836;MOTO;PASAJEROS;ALMAGRO
2019-0080;1;2019;9;18;CABILDO AV. y PAZ, GRAL. AV.;CRUCE;13;-58.47617802;-34.53825652;PEATON;MOTO;NO DATA
2019-0081;1;2019;9;16;ELCANO AV. 4300;ENTRE CALLE;15;-58.46141281;-34.58623761;PEATON;PASAJEROS;CHACARITA
2019-0082;1;2019;9;7;RABANAL, FRANCISCO, INTENDENTE AV. 2428;ENTRE CALLE;8;-58.42985146;-34.6611974;BICICLETA;CARGAS;VILLA SOLDATI
2019-0083;1;2019;9;8;MONTE Y CORVALAN;CRUCE;9;-58.48457413;-34.6583909;AUTO;AUTO;MATADEROS
2019-0084;1;2019;9;11;TANDIL Y LA FUENTE;CRUCE;7;-58.46572884;-34.63628186;BICICLETA;CARGAS;FLORES
2019-0085;1;2019;10;22;CARDOSO Y BACACAY;CRUCE;10;-58.49261744;-34.6341913;BICICLETA;TREN;VELEZ SARSFIELD
2019-0086;1;2019;10;14;CORRIENTES AV. 6700;ENTRE CALLE;15;-58.45283186;-34.5884156;MOTO;PASAJEROS;CHACARITA
2019-0087;1;2019;10;21;ALVAREZ THOMAS AV. Y MENDOZA;CRUCE;12;-58.47973681;-34.57418656;MOTO;MOTO;VILLA URQUIZA
2019-0088;1;2019;10;20;ALCORTA, AMANCIO AV. Y BONAVENA, OSCAR NATALIO;CRUCE;4;-58.40623949;-34.65076549;PEATON;PASAJEROS;NUEVA POMPEYA
2019-0089;1;2019;10;15;BROWN, ALTE. AV. Y BLANES, JUAN MANUEL;CRUCE;4;-58.36244648;-34.63107887;PEATON;CARGAS;BOCA
2019-0090;1;2019;10;18;ALBERDI, JUAN BAUTISTA AV. 5455;ENTRE CALLE;9;-58.49962423;-34.64868027;PEATON;MOTO;MATADEROS
2019-0091;1;2019;11;20;JUSTO, JUAN B. AV. Y CAMARGO;CRUCE;15;-58.44551437;-34.59559816;PEATON;PASAJEROS;VILLA CRESPO
2019-0092;1;2019;11;10;BRIN, MINISTRO Y SUAREZ;CRUCE;4;-58.35608181;-34.63420319;PEATON;PASAJEROS;BOCA
2019-0093;1;2019;11;11;NIZA Y JUSTO, JUAN B. AV.;CRUCE;11;-58.46483679;-34.60907662;BICICLETA;OTRO;VILLA GRAL. MITRE
2019-0094;1;2019;11;14;CAMARGO Y SERRANO;CRUCE;15;-58.44368628;-34.59724326;MOTO;OTRO;VILLA CRESPO
2019-0095;1;2019;11;15;AUTOPISTA 1 SUR PRESIDENTE ARTURO FRONDIZI ALTURA CASEROS AV.;CRUCE;1;-58.37864583;-34.62907067;MOTO;CARGAS;CONSTITUCION
2019-0096;1;2019;11;19;CASEROS AV. Y PIEDRAS;CRUCE;1;-58.37560352;-34.62726382;PEATON;PASAJEROS;CONSTITUCION
2019-0097;1;2019;11;8;AUTOPISTA PERITO MORENO KM 5,6;CRUCE;9;-58.47721439;-34.64815069;MOTO;MULTIPLE;PARQUE AVELLANEDA
2019-0098;1;2019;11;14;GUZMAN 365;ENTRE CALLE;15;-58.45134029;-34.58984288;PASAJEROS;PASAJEROS;CHACARITA
2019-0100;1;2019;12;17;de los constituyentes av. 4300;ENTRE CALLE;12;-58.49040794;-34.58368803;MOTO;AUTO;VILLA PUEYRREDON
2019-0101;1;2019;12;4;MORENO, PERITO AV. Y TILCARA AV.;CRUCE;4;-58.42102679;-34.64991178;MOTO;MOTO;NUEVA POMPEYA
2019-0102;1;2019;12;14;IBARROLA Y GORDILLO, TIMOTEO;CRUCE;9;-58.52219407;-34.64143926;MOTO;AUTO;LINIERS
2019-0103;1;2019;12;SD;PAZ, GRAL. AV. Y GRIVEO;CRUCE;11;-58.52169422;-34.5947164;MOTO;MOTO;VILLA DEVOTO
2019-0104;1;2019;12;4;RIVADAVIA AV. Y PERGAMINO;CRUCE;10;-58.47460416;-34.63206174;MOTO;AUTO;FLORESTA
2019-0105;1;2019;5;11;SANTO TOME Y SEGUROLA AV.;CRUCE;10;-58.50512382;-34.61520391;PEATON;AUTO;MONTE CASTRO
2020-0001;1;2020;1;10;URIARTE Y LOYOLA;CRUCE;15;-58.43910409;-34.59213355;PEATON;AUTO;VILLA CRESPO
2020-0002;1;2020;1;20;SARAZA Y VARELA AV.;CRUCE;7;-58.45019436;-34.64646409;MOTO;OBJETO FIJO;FLORES
2020-0003;1;2020;1;6;RIVADAVIA AV. Y COMBATE DE LOS POZOS;CRUCE;3;-58.39337644;-34.60927582;PEATON;AUTO;BALVANERA
2020-0004;1;2020;1;21;RODRIGUEZ PEÑA Y RIVADAVIA AV.;CRUCE;1;-58.39055614;-34.60919284;PEATON;PASAJEROS;SAN NICOLAS
2020-0005;1;2020;1;6;24 DE NOVIEMBRE Y SAN JUAN AV.;CRUCE;3;-58.41036975;-34.62477021;MOTO;PASAJEROS;SAN CRISTOBAL
2020-0006;1;2020;1;12;LAFUENTE AV. 2250;ENTRE CALLE;8;-58.44925765;-34.65412546;MOTO;CARGAS;VILLA SOLDATI
2020-0007;1;2020;1;0;CHILE Y LIMA ;CRUCE;1;-58.3815685;-34.61648696;PEATON;MOTO;MONSERRAT
2020-0008;1;2020;1;7;CORDOBA AV. Y JEAN JAURES;CRUCE;2;-58.40662899;-34.59804521;MOTO;CARGAS;RECOLETA
2020-0009;1;2020;2;14;PERON, JUAN DOMINGO, TTE. GENERAL Y SALGUERO, JERONIMO;CRUCE;5;-58.41985649;-34.6060085;PEATON;AUTO;ALMAGRO
2020-0010;1;2020;2;5;9 DE JULIO AV. Y SAN JUAN AV.;CRUCE;1;-58.38099833;-34.62214953;MOTO;OBJETO FIJO;CONSTITUCION
2020-0011;1;2020;2;11;COLOMBRES 466;ENTRE CALLE;5;-58.41803309;-34.61823178;MOTO;CARGAS;ALMAGRO
2020-0012;1;2020;2;21;MEXICO 2860;ENTRE CALLE;3;-58.40604003;-34.61783553;PEATON;MOTO;BALVANERA
2020-0013;1;2020;2;12;COMBATIENTES DE MALVINAS AV. Y TRIUNVITARO AV.;CRUCE;15;-58.47549929;-34.57994061;PEATON;MOTO;PARQUE CHAS
2020-0014;1;2020;2;2;BERMUDEZ Y NOGOYA;CRUCE;11;-58.51398484;-34.61600366;MOTO;PASAJEROS;VILLA DEVOTO
2020-0015;1;2020;2;14;BRASIL AV. Y PASEO COLON AV.;CRUCE;1;-58.36797542;-34.62519403;MOTO;PASAJEROS;SAN TELMO
2020-0016;1;2020;2;13;ALEM,LEANDRO N. AV. 770;ENTRE CALLE;1;-58.37133616;-34.59879316;PEATON;PASAJEROS;SAN NICOLAS
2020-0017;1;2020;3;23;BELGRANO AV. Y RINCON;CRUCE;3;-58.39613805;-34.61413568;PEATON;AUTO;BALVANERA
2020-0018;1;2020;3;14;UDAONDO, GUILLERMO AV. 901;ENTRE CALLE;13;-58.44903073;-34.54200276;MOTO;OBJETO FIJO;BELGRANO
2020-0019;1;2020;3;21;CONSTITUCION Y CASTRO;CRUCE;5;-58.41972364;-34.6284667;PEATON;AUTO;BOEDO
2020-0020;1;2020;3;17;PUEYRREDON AV. Y GOMEZ, VALENTIN;CRUCE;3;-58.40571596;-34.60557123;PEATON;MOTO;BALVANERA
2020-0021;1;2020;3;16;BRAVO, MARIO 1279;ENTRE CALLE;2;-58.4145159;-34.59488319;PEATON;AUTO;RECOLETA
2020-0022;1;2020;4;6;DELLEPIANE, LUIS, TTE. GRAL. Y ESCALADA AV.;CRUCE;9;-58.47297505;-34.66245085;AUTO;CARGAS;PARQUE AVELLANEDA
2020-0023;1;2020;4;18;ARAOZ DE LAMADRID, GREGORIO, GRAL. Y BROWN, ALTE. AV.;CRUCE;4;-58.35791192;-34.63695178;AUTO;CARGAS;BOCA
2020-0024;1;2020;4;7;MURGUIONDO 1339;ENTRE CALLE;9;-58.50801713;-34.65177305;AUTO;AUTO;MATADEROS
2020-0025;1;2020;5;5;RIVADAVIA AV. 2551;ENTRE CALLE;3;-58.40258477;-34.60975108;PEATON;AUTO;BALVANERA
2020-0026;1;2020;5;6;LUGONES, LEOPOLDO AV. KM 6,1;CRUCE;14;;;MOTO;OBJETO FIJO;NO DATA
2020-0027;1;2020;5;8;DELLEPIANE, LUIS, TTE. GRAL. Y MONTIEL;CRUCE;8;-58.48267426;-34.68454456;PEATON;CARGAS;VILLA LUGANO
2020-0028;1;2020;5;10;SCALABRINI ORTIZ, RAUL AV. Y WARNES AV.;CRUCE;15;-58.44248936;-34.60221948;PEATON;PASAJEROS;VILLA CRESPO
2020-0029;1;2020;6;14;PAZ, GRAL. AV. y ROFFO, ANGEL H., DR.;CRUCE;9;-58.52909134;-34.63886726;PEATON;PASAJEROS;LINIERS
2020-0030;1;2020;6;15;SAN MARTIN AV. 1550;ENTRE CALLE;6;-58.45158942;-34.6064658;MOTO;MULTIPLE;CABALLITO
2020-0031;1;2020;6;8;GARZON, EUGENIO, GRAL. AV. y LARRAYA;CRUCE;9;-58.49344309;-34.65788529;MOTO;CARGAS;MATADEROS
2020-0032;1;2020;7;23;CORRIENTES AV. Y SERRANO;CRUCE;15;-58.44259166;-34.59635137;MOTO;AUTO;VILLA CRESPO
2020-0033;1;2020;7;6;PAZ, GRAL. AV. Y DEL LIBERTADOR AV.;CRUCE;13;-58.46743471;-34.53476874;AUTO;OBJETO FIJO;NO DATA
2020-0034;1;2020;8;3;MITRE, BARTOLOME Y ANCHORENA, TOMAS MANUEL DE, DR.;CRUCE;3;-58.41178158;-34.60922259;PEATON;AUTO;BALVANERA
2020-0035;1;2020;8;5;AU 25 DE MAYO ALTURA PUMACAHUA Y RECUERO, CASIMIRO, TTE. CNEL.;CRUCE;7;-58.45068621;-34.63638927;MOTO;PASAJEROS;PARQUE CHACABUCO
2020-0036;1;2020;8;18;SCALABRINI ORTIZ, RAUL AV. Y PARAGUAY;CRUCE;14;-58.42016954;-34.5877879;PEATON;MOTO;PALERMO
2020-0037;1;2020;8;4;FERNANDEZ DE LA CRUZ, F., GRAL. AV. Y VARELA AV.;CRUCE;8;-58.43850413;-34.65554754;PEATON;AUTO;VILLA SOLDATI
2020-0038;2;2020;8;4;LAS HERAS GENERAL AV. Y DIAZ, CNEL. AV.;CRUCE;14;-58.40617526;-34.58345898;AUTO;AUTO;PALERMO
2020-0039;1;2020;9;19;MURGUIONDO 2700;CRUCE;9;;;PEATON;CARGAS;NO DATA
2020-0040;1;2020;9;3;CASTILLO, RAMON S., PRES. AV. Y CALLE 12;CRUCE;2;-58.38526125;-34.5780581;AUTO;OBJETO FIJO;RECOLETA
2020-0041;1;2020;9;1;CURAPALIGUE Y PERON, EVA AV.;CRUCE;7;-58.4475047;-34.63491705;MOTO;PASAJEROS;PARQUE CHACABUCO
2020-0042;1;2020;9;17;DIAZ, ANA Y SOLDADO DE LA FRONTERA AV.;CRUCE;8;-58.46745752;-34.68192648;PEATON;PASAJEROS;VILLA LUGANO
2020-0043;1;2020;9;17;ALEM, LEANDRO N. AV. Y PARAGUAY;CRUCE;1;-58.37202621;-34.59717942;PEATON;PASAJEROS;RETIRO
2020-0044;1;2020;10;0;LA PLATA AV. E INDEPENDENCIA;CRUCE;6;-58.42779702;-34.62207347;AUTO;AUTO;CABALLITO
2020-0045;1;2020;10;3;PAZ, GRAL. AV. Y 27 DE FEBRERO AV.;CRUCE;8;-58.46244952;-34.70524971;AUTO;CARGAS;NO DATA
2020-0046;1;2020;10;21;NAZCA AV. Y CARRANZA, ADOLFO P.;CRUCE;11;-58.4844016;-34.60776782;MOTO;MOTO;VILLA DEL PARQUE
2020-0047;1;2020;10;14;AUTOPISTA CAMPORA ALTURA LACARRA AV.;CRUCE;9;-58.46668375;-34.65174801;PEATON;CARGAS;PARQUE AVELLANEDA
2020-0048;1;2020;10;20;DORREGO AV. 614;ENTRE CALLE;15;-58.4495878;-34.59322448;MOTO;OBJETO FIJO;CHACARITA
2020-0049;1;2020;10;20;DEL LIBERTADOR AV. Y RAMOS MEJIA, JOSE MARIA, DR. AV.;CRUCE;1;-58.37533517;-34.59276462;PEATON;AUTO;RETIRO
2020-0050;1;2020;11;22;SANTA FE AV. Y GODOY CRUZ;CRUCE;14;-58.42525456;-34.57866344;PEATON;MOTO;PALERMO
2020-0051;1;2020;11;0;AVELLANEDA AV. Y MERCEDES;CRUCE;10;-58.48493828;-34.62981124;MOTO;AUTO;FLORESTA
2020-0052;1;2020;11;6;TUCUMAN Y PUEYRREDON AV.;CRUCE;3;-58.40480504;-34.60183884;BICICLETA;CARGAS;BALVANERA
2020-0053;1;2020;11;3;ALCORTA, AMANCIO AV. Y EINSTEIN, ALBERTO;CRUCE;4;-58.41125934;-34.6541774;AUTO;AUTO;NUEVA POMPEYA
2020-0054;1;2020;11;9;INCLAN Y ALBERTI;CRUCE;4;-58.39956546;-34.6297708;BICICLETA;AUTO;PARQUE PATRICIOS
2020-0055;1;2020;11;12;OLAZABAL AV. 5437;ENTRE CALLE;12;-58.49005682;-34.5786897;PEATON;CARGAS;VILLA URQUIZA
2020-0056;1;2020;11;13;PAZ, GRAL. AV. Y DOCTOR RAMON CARRILLO;CRUCE;8;-58.47064556;-34.69843756;MOTO;CARGAS;VILLA RIACHUELO
2020-0057;1;2020;11;7;NAZCA AV. Y VIALE, LUIS;CRUCE;11;-58.4750156;-34.61945902;PEATON;AUTO;VILLA SANTA RITA
2020-0058;1;2020;11;16;OLIVERA AV. Y FALCON, RAMON L., CNEL.;CRUCE;10;-58.48727942;-34.63652467;PEATON;AUTO;VELEZ SARSFIELD
2020-0059;1;2020;12;6;BRASIL 1100;ENTRE CALLE;1;-58.3795169;-34.62794241;PEATON;PASAJEROS;CONSTITUCION
2020-0060;1;2020;12;20;HOMERO Y PERON, EVA AV.;CRUCE;9;-58.47750832;-34.65672199;PEATON;MOTO;PARQUE AVELLANEDA
2020-0061;1;2020;12;14;CANTILO, INT. Y UDAONDO, GUILLERMO AV.;CRUCE;13;-58.44927253;-34.54048625;MOTO;CARGAS;BELGRANO
2020-0062;1;2020;12;17;MORENO 1845;ENTRE CALLE;3;-58.39246272;-34.61253541;BICICLETA;PASAJEROS;BALVANERA
2020-0063;2;2020;12;7;NUEVA YORK Y ALTA GRACIA;CRUCE;11;-58.52783814;-34.61047001;PEATON_MOTO;MOTO;VILLA DEVOTO
2020-0065;1;2020;12;16;PAZ, GRAL. AV. Y GOYENECHE, ROBERTO PARQUE AV.;CRUCE;12;-58.49332664;-34.54836855;MOTO;AUTO;SAAVEDRA
2020-0066;1;2020;12;4;AUTOPISTA PERITO MORENO ALTURA ESTACION DE TREN VILLA LURO;CRUCE;10;-58.50178784;-34.63593897;MOTO;OBJETO FIJO;VILLA LURO
2020-0067;1;2020;12;22;SAENZ AV. Y BEAZLEY;CRUCE;4;-58.41657793;-34.65476216;PEATON;PASAJEROS;NUEVA POMPEYA
2020-0068;1;2020;12;20;DEL LIBERTADOR AV. Y AUSTRIA;CRUCE;2;-58.39731474;-34.58307887;MOTO;AUTO;RECOLETA
2020-0069;1;2020;12;5;INDEPENDENCIA AV. Y SAENZ PEÑA, LUIS, PRES.;CRUCE;1;-58.38746381;-34.61790839;MOTO;PASAJEROS;MONSERRAT
2020-0070;1;2020;12;15;CALLAO AV. Y LAS HERAS, GENERAL;CRUCE;2;-58.39189441;-34.59176378;PEATON;PASAJEROS;RECOLETA
2020-0071;1;2020;12;23;SAN PEDRITO AV. Y DIRECTORIO AV.;CRUCE;7;-58.46749188;-34.63551751;PEATON;AUTO;FLORES
2020-0072;1;2020;12;3;JUJUY AV. Y CARLOS, CALVO;CRUCE;3;-58.40280471;-34.62113271;BICICLETA;AUTO;SAN CRISTOBAL
2020-0073;1;2020;12;7;27 DE FEBRERO AV. Y ESCALADA AV.;CRUCE;8;-58.44451316;-34.68475866;MOTO;OBJETO FIJO;VILLA SOLDATI
2020-0074;1;2020;12;21;BOGOTA Y NAZCA AV.;CRUCE;7;-58.47110424;-34.62742408;AUTO;AUTO;FLORES
2020-0075;1;2020;12;14;CORRIENTES AV. Y 9 DE JULIO AV.;CRUCE;1;-58.38220928;-34.60373898;PEATON;PASAJEROS;SAN NICOLAS
2020-0076;1;2020;12;12;ALVAREZ JONTE AV. Y CHIVILCOY;CRUCE;10;-58.49794468;-34.61565025;AUTO;PASAJEROS;MONTE CASTRO
2020-0077;2;2020;12;6;SAN MARTIN AV. Y PUNTA ARENAS;CRUCE;15;-58.47220945;-34.60111373;MOTO;AUTO;PATERNAL
2020-0078;1;2020;12;5;BARCO CENTENERA DEL 1118;ENTRE CALLE;7;-58.43706741;-34.63217813;BICICLETA;PASAJEROS;PARQUE CHACABUCO
2020-0079;1;2020;12;4;PAZ, GRAL. AV. Y ACCESO NORTE - PANAMERICANA;CRUCE;12;-58.49332664;-34.54836855;MOTO;OBJETO FIJO;SAAVEDRA
2021-0001;1;2021;1;18;AU FRONDIZI KM. 3;CRUCE;1;-58.37960727;-34.62622851;MOTO;AUTO;CONSTITUCION
2021-0002;1;2021;1;10;CASTRO, EMILIO AV. Y MURGUIONDO;CRUCE;9;-58.51061062;-34.64972472;MOTO;CARGAS;LINIERS
2021-0003;1;2021;1;7;AU 25 DE MAYO KM. 3,7;CRUCE;7;-58.43052224;-34.62941648;MOTO;OBJETO FIJO;PARQUE CHACABUCO
2021-0004;1;2021;1;9;CASEROS AV. Y GUARANI;CRUCE;5;-58.41455544;-34.63866836;PEATON;CARGAS;BOEDO
2021-0005;1;2021;1;21;PERON, EVA AV. 3800;ENTRE CALLE;9;-58.46774439;-34.64730145;PEATON;AUTO;PARQUE AVELLANEDA
2021-0006;1;2021;1;21;AU ILLIA y SARMIENTO AV.;CRUCE;14;-58.40786274;-34.56726817;MOTO;CARGAS;PALERMO
2021-0007;1;2021;1;10;DE LOS CONSTITUYENTES AV. Y GIRIBONE;CRUCE;15;-58.48744301;-34.58622275;MOTO;MOTO;PARQUE CHAS
2021-0008;1;2021;1;23;SAENZ AV. Y RABANAL, FRANCISCO, INTENDENTE AV.;CRUCE;4;-58.41657793;-34.65476216;PEATON;PASAJEROS;NUEVA POMPEYA
2021-0009;1;2021;1;5;PAYSANDU Y GAONA;CRUCE;6;-58.45351111;-34.61134937;MOTO;OBJETO FIJO;CABALLITO
2021-0010;1;2021;1;8;PAZ, GRAL. AV. Y BALBIN, RICARDO, DR. AV. ;CRUCE;12;-58.5007381;-34.5497951;MOTO;AUTO;NO DATA
2021-0011;1;2021;1;1;SANTA FE AV. 1675;ENTRE CALLE;2;-58.39144148;-34.59564871;PEATON;AUTO;RECOLETA
2021-0012;1;2021;1;20;AU DELLEPIANE Y GUAMINI;CRUCE;8;-58.48191128;-34.68385968;PEATON;AUTO;VILLA LUGANO
2021-0013;1;2021;1;6;FALCON, RAMON L., CNEL. Y OLIVERA AV.;CRUCE;10;-58.48727942;-34.63652467;MOTO;OBJETO FIJO;VELEZ SARSFIELD
2021-0014;1;2021;2;0;SAN MARTIN AV. Y NOGOYA;CRUCE;15;-58.48328708;-34.59779521;PEATON;AUTO;AGRONOMIA
2021-0015;1;2021;2;3;SAN MARTIN AV. Y TINOGASTA;CRUCE;15;-58.49018543;-34.5972499;MOTO;OBJETO FIJO;AGRONOMIA
2021-0016;1;2021;2;5;FERNANDEZ DE LA CRUZ, F., GRAL. AV. Y DE LA TORRE, LISANDRO;CRUCE;8;-58.47230127;-34.68482689;AUTO;OBJETO FIJO;VILLA LUGANO
2021-0017;1;2021;2;4;SALTA Y CASEROS AV.;CRUCE;1;-58.38262614;-34.63168269;MOTO;PASAJEROS;CONSTITUCION
2021-0018;1;2021;2;19;JAURES, JEAN Y PERON, JUAN DOMINGO, TTE. GENERAL;CRUCE;3;-58.41047268;-34.60793518;PEATON;AUTO;BALVANERA
2021-0019;1;2021;2;1;TRIUNVIRATO AV. Y LARRALDE, CRISOLOGO AV.;CRUCE;12;-58.49659234;-34.56353635;MOTO;OBJETO FIJO;VILLA URQUIZA
2021-0020;1;2021;2;15;POTOSI Y GASCON;CRUCE;5;-58.42462955;-34.60727189;PEATON;CARGAS;ALMAGRO
2021-0021;1;2021;2;5;YRIGOYEN, HIPOLITO Y  24 DE NOVIEMBRE;CRUCE;3;-58.41168345;-34.61185625;MOTO;OBJETO FIJO;BALVANERA
2021-0022;1;2021;2;12;DEL LIBERTADOR AV. Y ROOSEVELT FRANKLIN D.;CRUCE;13;-58.45157681;-34.55217303;PASAJEROS;NO DATA;BELGRANO
2021-0023;1;2021;3;9;AU BUENOS AIRES LA PLATA  KM 4,5;CRUCE;4;;;MOTO;CARGAS;NO DATA
2021-0024;1;2021;3;16;PERON, EVA AV. y PIEDRA BUENA AV;CRUCE;9;-58.49573651;-34.67006054;BICICLETA;CARGAS;MATADEROS
2021-0025;1;2021;3;3;PAZ, GRAL. AV. y DELLEPIANE, LUIS, TTE. GRAL;CRUCE;8;-58.48695354;-34.68795245;MOTO;OTRO;NO DATA
2021-0026;1;2021;3;2;AU FRONDIZI ALTURA QUINQUELA MARTIN, BENITO;CRUCE;4;-58.37562539;-34.64449357;MOTO;OBJETO FIJO;BARRACAS
2021-0027;1;2021;3;15;PAZ, GRAL. AV. y DONADO;CRUCE;12;-58.49491054;-34.54795581;MOTO;CARGAS;SAAVEDRA
2021-0028;1;2021;3;17;COREA AV. y TORRES Y TENORIO, PRES;CRUCE;7;-58.44147621;-34.64357704;PEATON;PASAJEROS;PARQUE CHACABUCO
2021-0029;1;2021;3;18;FALCON, RAMON L., CNEL. Y SAN PEDRITO AV.;CRUCE;7;-58.46899119;-34.63215432;AUTO;AUTO;FLORES
2021-0030;1;2021;4;18;FINOCHIETTO ENRIQUE DR. 1623;ENTRE CALLE;4;-58.38685612;-34.63455776;PEATON;PASAJEROS;BARRACAS
2021-0031;1;2021;4;10;9 DE JULIO AV. E INDEPENDENCIA AV.;CRUCE;1;-58.38113667;-34.61765323;PEATON;CARGAS;MONSERRAT
2021-0032;1;2021;4;19;AU CANTILO Y GUIRALDES, INT.;CRUCE;13;-58.44112678;-34.54538956;PEATON;MOTO;BELGRANO
2021-0033;1;2021;4;17;AU 25 DE MAYO ALTURA BAJADA BOEDO AV.;CRUCE;5;-58.41595919;-34.62743346;AUTO;OBJETO FIJO;BOEDO
2021-0034;1;2021;4;14;ALCORTA, AMANCIO AV. y ZAVALETA;CRUCE;4;-58.40184094;-34.64546845;MOTO;CARGAS;PARQUE PATRICIOS
2021-0035;1;2021;5;9;JANER, ANA MARIA Y LAFUENTE AV.;CRUCE;8;-58.44642231;-34.65679806;MOTO;CARGAS;VILLA SOLDATI
2021-0036;1;2021;5;6;PAZ, GRAL. AV. Y MOSCONI GENERAL AV.;CRUCE;11;-58.52340614;-34.59798754;MOTO;OBJETO FIJO;NO DATA
2021-0037;1;2021;5;7;MONROE Y BALBIN, RICARDO, DR. AV.;CRUCE;13;-58.46649069;-34.56219075;PEATON;PASAJEROS;BELGRANO
2021-0038;1;2021;5;11;JUSTO, JUAN B. AV. Y SANTA FE AV.;CRUCE;14;-58.42653328;-34.57816791;MOTO;CARGAS;PALERMO
2021-0039;1;2021;5;12;OLIDEN Y ALBERDI, JUAN BAUTISTA AV.;CRUCE;9;-58.50407099;-34.65303372;BICICLETA;AUTO;MATADEROS
2021-0040;1;2021;5;5;PAZ, GRAL. AV. Y DEL LIBERTADOR AV.;CRUCE;13;-58.46743471;-34.53476874;MOTO;AUTO;NO DATA
2021-0041;1;2021;5;8;DEL LIBERTADOR AV. Y CASARES AV.;CRUCE;14;-58.40986646;-34.5772806;PEATON;PASAJEROS;PALERMO
2021-0042;1;2021;5;5;RIVADAVIA AV. 10900;ENTRE CALLE;9;-58.51739138;-34.63931792;PEATON;PASAJEROS;LINIERS
2021-0043;1;2021;5;18;ALBERDI, JUAN BAUTISTA AV. Y PILAR;CRUCE;9;-58.50719962;-34.65556223;PEATON;AUTO;MATADEROS
2021-0044;1;2021;5;2;PERON, EVA AV. Y ACOSTA, MARIANO;CRUCE;9;-58.46712311;-34.64600222;MOTO;OBJETO FIJO;PARQUE AVELLANEDA
2021-0045;1;2021;5;17;AU FRONDIZI Y SUAREZ AV.;CRUCE;4;-58.37709334;-34.64035082;MOTO;MULTIPLE;BARRACAS
2021-0046;1;2021;5;2;EL CANO AV. Y GUZMAN AV.;CRUCE;15;-58.46033141;-34.58569883;AUTO;OBJETO FIJO;CHACARITA
2021-0047;1;2021;6;16;VEDIA, AGUSTIN DE Y RABANAL, FRANCISCO, INTENDENTE AV.;CRUCE;4;-58.42190745;-34.65633192;MOTO;AUTO;NUEVA POMPEYA
2021-0048;1;2021;6;9;CAPDEVILLA Y CONGRESO AV.;CRUCE;12;-58.49026573;-34.5698141;BICICLETA;AUTO;VILLA URQUIZA
2021-0049;1;2021;6;20;FERNANDEZ DE LA CRUZ, F., GRAL. AV. 4000;ENTRE CALLE;8;-58.45410344;-34.66902702;AUTO;AUTO;VILLA SOLDATI
2021-0050;1;2021;6;13;DEL LIBERTADOR AV. 5958;ENTRE CALLE;13;-58.44751621;-34.55719892;MOTO;PASAJEROS;BELGRANO
2021-0051;1;2021;6;19;27 DE FEBRERO AV. Y EREZCANO AV.;CRUCE;4;-58.42040352;-34.66005171;PEATON;CARGAS;NUEVA POMPEYA
2021-0052;1;2021;6;5;PAZ, GRAL. AV. 14723;ENTRE CALLE;8;-58.49530249;-34.68010798;MOTO;OBJETO FIJO;NO DATA
2021-0053;1;2021;6;12;CORRIENTES AV. 5783;ENTRE CALLE;15;-58.44399875;-34.5947736;PEATON;BICICLETA;VILLA CRESPO
2021-0054;1;2021;6;14;TABARE Y EREZCANO;CRUCE;4;-58.42759813;-34.65463857;MOTO;CARGAS;NUEVA POMPEYA
2021-0055;1;2021;6;12;CORRIENTES AV. Y PUEYRREDOR AV.;CRUCE;3;-58.40547222;-34.60456293;MOTO;CARGAS;BALVANERA
2021-0056;1;2021;7;23;CORRALES Y MORENO, PERITO AV.;CRUCE;4;-58.42473018;-34.6500828;BICICLETA;AUTO;NUEVA POMPEYA
2021-0057;1;2021;7;23;AU ILLIA KM 3.2, ALTURA CABINAS DE PEAJE;CRUCE;2;-58.39257023;-34.57563957;AUTO;OBJETO FIJO;RECOLETA
2021-0058;1;2021;7;0;AV. GRAL. PAZ Y VEDIA;CRUCE;12;-58.48941042;-34.54596153;PEATON;AUTO;SAAVEDRA
2021-0059;1;2021;7;1;GARAY, JUAN DE AV. 2269;ENTRE CALLE;3;-58.3964074;-34.62783085;AUTO;OBJETO FIJO;SAN CRISTOBAL
2021-0060;1;2021;7;12;SALGUERO, JERONIMO Y RIVADAVIA AV.;CRUCE;5;-58.41971993;-34.6111224;PEATON;PASAJEROS;ALMAGRO
2021-0061;1;2021;7;9;MORENO, PERITO AV. Y ALCORTA, AMANCIO AV.;CRUCE;4;-58.40544588;-34.65012801;PEATON;CARGAS;NUEVA POMPEYA
2021-0062;1;2021;7;7;LA PLATA AV. 2723;ENTRE CALLE;4;-58.42003882;-34.64645957;AUTO;CARGAS;NUEVA POMPEYA
2021-0063;1;2021;8;4;ALBERDI, JUAN BAUTISTA AV. 2906;ENTRE CALLE;7;-58.46851293;-34.63348678;AUTO;AUTO;FLORES
2021-0064;1;2021;8;20;PAZ, GRAL. AV. Y TONELERO;CRUCE;9;-58.52931141;-34.65422917;PEATON;CARGAS;NO DATA
2021-0065;1;2021;8;8;Av. SAN JUAN Y AV. LA PLATA;CRUCE;6;-58.42675754;-34.6269973;PEATON;PASAJEROS;CABALLITO
2021-0066;1;2021;8;20;Av. LOPE DE VEGA Y AV. GRAL. PAZ;CRUCE;11;-58.52933723;-34.61098186;PEATON;PASAJEROS;VILLA DEVOTO
2021-0067;1;2021;8;9;AU FRONDIZI KM 2,9 (ALTURA BRASIL);CRUCE;1;-58.37910943;-34.62764718;MOTO;OBJETO FIJO;CONSTITUCION
2021-0068;1;2021;8;6;BEIRO, FRANCISCO AV. 5071;ENTRE CALLE;11;-58.52161176;-34.61164474;MOTO;OBJETO FIJO;VILLA DEVOTO
2021-0069;1;2021;8;17;AV. SANTA FE 3428;ENTRE CALLE;14;-58.41354692;-34.5869768;PEATON;AUTO;PALERMO
2021-0070;1;2021;8;8;CHILAVERT, MARTINIANO, CORONEL Y VARELA AV.;CRUCE;8;-58.43960781;-34.65470804;MOTO;CARGAS;VILLA SOLDATI
2021-0071;1;2021;8;16;SAN LUIS 2730;ENTRE CALLE;3;-58.4045461;-34.60003693;PEATON;MOTO;BALVANERA
2021-0072;1;2021;9;19;CALLAO AV. Y PARAGUAY;CRUCE;2;-58.39303911;-34.59871111;PEATON;AUTO;RECOLETA
2021-0073;1;2021;9;12;DEL LIBERTADOR AV. Y AGOTE, LUIS DR.;CRUCE;2;-58.39391034;-34.58405348;BICICLETA;AUTO;RECOLETA
2021-0074;1;2021;9;15;PAZ, GRAL. AV. Y BALBIN, RICARDO, DR. AV.;CRUCE;12;-58.5007381;-34.5497951;MOTO;MULTIPLE;NO DATA
2021-0075;1;2021;9;14;SALTA Y BRASIL;CRUCE;1;-58.38281301;-34.62786038;PEATON;CARGAS;CONSTITUCION
2021-0076;1;2021;10;6;MORENO, PERITO AV. 2152;ENTRE CALLE;7;-58.43980799;-34.65094083;MOTO;OBJETO FIJO;FLORES
2021-0077;1;2021;10;7;DIRECTORIO AV. 1169;ENTRE CALLE;6;-58.44402387;-34.62933109;MOTO;CARGAS;CABALLITO
2021-0078;1;2021;10;6;INDEPENDENCIA AV. Y LA PLATA AV.;CRUCE;6;-58.42779702;-34.62207347;MOTO;PASAJEROS;CABALLITO
2021-0079;1;2021;10;3;TUCUMAN 3112;ENTRE CALLE;3;-58.40944147;-34.60097942;PEATON;AUTO;BALVANERA
2021-0080;1;2021;10;16;ARENALES Y 9 DE JULIO AV.;CRUCE;1;-58.38277479;-34.5943016;MOTO;AUTO;RETIRO
2021-0081;1;2021;11;13;AU FRONDIZI SUBIDA BRANDSEN;CRUCE;4;-58.37627355;-34.63800916;MOTO;CARGAS;BARRACAS
2021-0082;1;2021;11;4;AU 25 DE MAYO KM7 (ALTURA PASCO);CRUCE;3;-58.39591856;-34.62453459;MOTO;AUTO;SAN CRISTOBAL
2021-0083;1;2021;11;0;CABILDO AV. Y OLAZABAL;CRUCE;13;-58.45829717;-34.56015762;MOTO;AUTO;BELGRANO
2021-0084;1;2021;11;3;TAPALQUE Y BRUIX AV.;CRUCE;9;-58.49142611;-34.64584795;AUTO;OBJETO FIJO;PARQUE AVELLANEDA
2021-0085;1;2021;11;18;PAZ, GRAL. AV. Y EZEIZA;CRUCE;12;-58.51271409;-34.57786555;MOTO;OBJETO FIJO;VILLA PUEYRREDON
2021-0086;1;2021;11;10;RIVADAVIA AV. Y PUAN;CRUCE;6;-58.44864864;-34.62352826;PEATON;PASAJEROS;CABALLITO
2021-0087;1;2021;11;11;ESMERALDA 1359;ENTRE CALLE;1;-58.37795815;-34.59167894;PEATON;BICICLETA;RETIRO
2021-0088;1;2021;12;15;AV. MOROE Y 3 DE FEBRERO;CRUCE;13;-58.45531707;-34.55555257;MOTO;AUTO;BELGRANO
2021-0089;1;2021;12;1;AV. GAONA 3655;ENTRE CALLE;11;-58.47633683;-34.62140594;MOTO;AUTO;VILLA SANTA RITA
2021-0090;1;2021;12;11;AV. 9 DE JULIO Y LAVALLE;CRUCE;1;-58.38188582;-34.60256036;PEATON;PASAJEROS;SAN NICOLAS
2021-0091;1;2021;12;23;BAIGORRIA Y VICTOR HUGO;CRUCE;10;-58.51989389;-34.62284918;MOTO;AUTO;MONTE CASTRO
2021-0092;1;2021;12;6;AV. RIVADAVIA Y AV. PUEYRREDON;CRUCE;3;-58.4059686;-34.61011987;PEATON;AUTO;BALVANERA
2021-0093;1;2021;12;17;AV. RIESTRA Y MOM;CRUCE;7;-58.43353773;-34.64561636;MOTO;AUTO;PARQUE CHACABUCO
2021-0094;1;2021;12;1;AU DELLEPIANE Y LACARRA;CRUCE;9;-58.46739825;-34.65117757;MOTO;AUTO;PARQUE AVELLANEDA
2021-0095;1;2021;12;0;AV. GAONA Y TERRADA;CRUCE;11;-58.47293407;-34.61984745;MOTO;CARGAS;VILLA SANTA RITA
2021-0096;1;2021;12;10;AV. EVA PERON 4071;ENTRE CALLE;9;-58.47066794;-34.65021673;AUTO;CARGAS;PARQUE AVELLANEDA
2021-0097;1;2021;11;6;PADRE CARLOS MUJICA 709;ENTRE CALLE;1;-58.37976155;-34.58679619;BICICLETA;AUTO;RETIRO
